transaction_id,account_id,timestamp,amount,merchant_category,city,is_unusual_city,is_odd_hour
9afa8267-4479-4214-b5de-f8074a965478,ACC01235,2026-06-20 21:12:31.815241,163409.04,Electronics,Bangalore,0,0
1fd37318-da16-4df4-833f-ab781f75e552,ACC00506,2026-06-20 11:30:12.815241,159005.84,Online Retail,Bangalore,0,0
9c1f9af2-b921-4281-9d4c-8aea8fb13988,ACC01225,2026-06-20 18:06:52.815241,156105.54,Utilities,Chennai,0,0
a1b0511a-ef87-4846-9d50-f0982e2f2252,ACC00373,2026-06-20 16:30:48.815241,155325.38,Electronics,Kolkata,0,0
b2cc4372-6532-43ae-96f7-91ac4cf6a297,ACC01880,2026-06-20 09:57:52.815241,122991.17,ATM Withdrawal,Pune,0,0
2ca04b59-8440-4a46-8bf2-710669bd869f,ACC00601,2026-06-20 21:57:41.815241,122817.97,Online Retail,Bangalore,0,0
9abcf128-fd83-4b1f-94bb-5011e155382c,ACC01923,2026-06-20 13:01:42.815241,120583.25,Utilities,Bangalore,0,0
74047d99-35f0-4daa-867a-0677eddbbf50,ACC01474,2026-06-20 15:22:36.815241,118054.15,ATM Withdrawal,Delhi,0,0
a67c1311-435d-4233-99e2-29a16d1a9231,ACC00970,2026-06-20 11:31:00.815241,116977.32,Utilities,Kolkata,0,0
4e8fa241-45f0-4409-a955-3dcbee5c9916,ACC01214,2026-06-20 12:51:48.815241,116029.18,Electronics,Bangalore,0,0
ad2d211e-95b8-42e0-a246-5b46718387b5,ACC00548,2026-06-20 10:54:44.815241,114416.4,Entertainment,Hyderabad,0,0
2a257ecc-75fd-4d83-9264-43bac298823a,ACC00242,2026-06-20 21:24:42.815241,113371.29,Healthcare,Kolkata,0,0
f6cfdcf0-72f8-4c9d-bbce-f4ee01021bd2,ACC01225,2026-06-20 20:01:47.815241,112385.54,Fuel,Chennai,0,0
5a29ae07-84f3-4017-93a4-d9875fdddbd1,ACC01277,2026-06-20 18:37:14.815241,109945.52,Online Retail,Hyderabad,0,0
5010c6dc-86c0-4451-bbae-0ac12a3e077c,ACC01852,2026-06-20 15:52:50.815241,108321.88,Electronics,Bangalore,0,0
6b2afb3a-1b38-41ad-8b21-cf12a284598a,ACC01461,2026-06-20 20:28:22.815241,108150.34,Dining,Hyderabad,0,0
2b99d124-dcaf-4a81-8bec-22ae888a037b,ACC00841,2026-06-20 10:38:42.815241,104583.61,Grocery,Chennai,0,0
a55a8075-f3fc-468a-8638-531d79723d6e,ACC00107,2026-06-20 21:30:41.815241,104082.65,Travel,Pune,0,0
b87617ce-67ff-4433-97c8-16f89c48b195,ACC01947,2026-06-20 21:25:46.815241,102890.55,Utilities,Mumbai,0,0
0d166103-d1ab-4253-9208-f9bb6a16ffdf,ACC00431,2026-06-20 14:59:25.815241,100037.23,Entertainment,Pune,0,0
c9390349-5b3f-4a7d-be36-16ae840dced5,ACC01112,2026-06-20 12:46:34.815241,97059.84,Travel,Delhi,0,0
3ded0f8f-02f2-4afa-920a-30a5a92d19bc,ACC00836,2026-06-20 13:56:28.815241,96908.77,Healthcare,Chennai,0,0
7db678d9-d2cf-4fba-bc96-f74013d1d022,ACC00285,2026-06-20 12:47:00.815241,96119.81,Online Retail,Mumbai,0,0
20fc28ed-9ded-496b-a85a-a0cfa85832eb,ACC01777,2026-06-20 22:22:50.815241,96081.3,Entertainment,Mumbai,0,0
5191cd6a-0ab5-4dac-9d32-3961f1a43bbd,ACC00522,2026-06-20 14:46:54.815241,95024.56,Fuel,Bangalore,0,0
19d0cc8d-38be-42c8-99b7-8f1ca8e4bedd,ACC01909,2026-06-20 11:59:20.815241,94595.3,Grocery,Chennai,0,0
b18315ab-745d-45b8-a9f0-0f7afe530e40,ACC01922,2026-06-20 10:58:28.815241,93435.66,Electronics,Hyderabad,0,0
107380cb-46d9-434d-9feb-21c760b2d14b,ACC01957,2026-06-20 22:58:52.815241,92488.14,Online Retail,Bangalore,0,0
899fad03-ebd2-4573-a012-a24e3c168418,ACC01881,2026-06-20 15:45:08.815241,89447.06,Travel,Bangalore,0,0
ababb6d2-f8e4-4a98-bfe0-328476906519,ACC01641,2026-06-20 15:39:24.815241,88202.54,Entertainment,Hyderabad,0,0
5e6fea07-c453-4f1d-8199-2fdfb31022f0,ACC01092,2026-06-20 11:45:52.815241,87746.54,Healthcare,Hyderabad,0,0
8ec5c913-3c39-4527-b36a-2e9b825de71c,ACC01427,2026-06-20 14:45:51.815241,86245.97,Fuel,Mumbai,0,0
67299293-5615-4253-9a54-49a5db2a05e9,ACC00374,2026-06-20 12:26:43.815241,83847.51,Travel,Chennai,0,0
76850197-e196-483e-b93a-cfb28eb9e907,ACC00986,2026-06-20 15:00:29.815241,80460.0,Electronics,Bangalore,0,0
afb1c9bb-3374-4bd8-bb97-de39a3de2ec1,ACC01171,2026-06-20 17:54:06.815241,79100.17,Dining,Hyderabad,0,0
e26074f7-cd4c-4c5a-a79e-22dc6f0dd1e0,ACC01104,2026-06-20 14:15:55.815241,78579.6,Online Retail,Hyderabad,0,0
349bf73a-27a3-41ff-abf8-106da63f50af,ACC00286,2026-06-20 13:42:30.815241,78383.14,ATM Withdrawal,Bangalore,0,0
86899a05-28aa-4964-a2ca-bd0cdf652d96,ACC00958,2026-06-20 09:52:57.815241,75536.12,Dining,Mumbai,0,0
bdd4c1f2-71b8-4ce0-a347-2e25ba5498fd,ACC00942,2026-06-20 13:56:34.815241,75376.97,ATM Withdrawal,Delhi,0,0
c09cb506-48f1-496d-9c4f-fb4671b701aa,ACC01018,2026-06-20 13:49:13.815241,74924.3,Healthcare,Mumbai,0,0
bbbfec28-5e25-430a-8b89-19fad47aaf73,ACC01498,2026-06-20 21:56:01.815241,74160.66,Healthcare,Pune,0,0
e63c112e-8373-45c7-9112-d66c4f0b104d,ACC01806,2026-06-20 16:26:22.815241,73280.87,Utilities,Mumbai,0,0
e34ff5cf-0e18-4ac0-be9f-36a6a0fa86d0,ACC01127,2026-06-20 09:56:21.815241,72974.13,Entertainment,Kolkata,0,0
7e025677-bfb2-409c-8cbd-7bae95cad99a,ACC01351,2026-06-20 08:53:22.815241,71955.0,Travel,Bangalore,0,0
f75592e6-cf7d-4888-962d-9ae00ec10f5d,ACC00963,2026-06-20 19:13:44.815241,71221.82,Entertainment,Kolkata,0,0
be2eaf0a-22ff-490b-b79a-1afefa37efd0,ACC00818,2026-06-20 14:04:42.815241,70388.96,Fuel,Chennai,0,0
537959b8-c573-4901-9360-cf2cb0d734a6,ACC00793,2026-06-20 17:42:59.815241,69267.91,Travel,Hyderabad,0,0
e393af22-e054-45ab-b5fc-c0fc1065cf9a,ACC01152,2026-06-20 20:15:26.815241,69169.71,Utilities,Pune,0,0
e1cde87f-ec95-4f87-ae5e-c36572eb7474,ACC00426,2026-06-20 16:35:13.815241,68044.88,Entertainment,Hyderabad,0,0
7c661196-db65-4eb8-94d9-a3977e3197b5,ACC00628,2026-06-20 16:20:21.815241,68011.44,Grocery,Hyderabad,0,0
990c581c-14b2-40a6-921a-c3a68ea4115a,ACC01125,2026-06-20 10:26:39.815241,67159.9,Fuel,Mumbai,0,0
cc53d0d7-256d-4123-b768-9c4c223aa1a7,ACC00965,2026-06-20 18:31:26.815241,66825.91,Healthcare,Hyderabad,0,0
466f629c-a0c5-4b2b-97bf-3ee14e2bad04,ACC01349,2026-06-20 19:52:14.815241,65685.48,Grocery,Chennai,0,0
aaaa7602-2886-415f-b9f4-fbcd6f41bc23,ACC00246,2026-06-20 15:28:23.815241,64714.29,Healthcare,Chennai,0,0
fe2a83f3-c804-4322-bfb4-dd546fb5be56,ACC00986,2026-06-20 07:38:07.815241,64537.18,Online Retail,Bangalore,0,0
b8a4cefc-f848-4611-82c3-4e64c5ea9d46,ACC01062,2026-06-20 14:13:30.815241,63910.93,Grocery,Delhi,0,0
09012af7-42a7-4a84-8667-b9e4ad3de42a,ACC01701,2026-06-20 12:18:52.815241,63612.28,ATM Withdrawal,Bangalore,0,0
345cbcab-a040-4bca-9bc8-3ad60c2a7837,ACC00537,2026-06-20 15:45:11.815241,63346.3,Electronics,Kolkata,0,0
70f079b9-ef7d-4315-a592-1a0f608ba216,ACC01036,2026-06-20 22:26:08.815241,62431.85,Grocery,Delhi,0,0
ea889978-1bde-4063-be02-fb7351d242ba,ACC01291,2026-06-20 18:14:41.815241,61735.71,Travel,Kolkata,0,0
b7ed70cf-f111-4e9e-8545-b11f6d820335,ACC01105,2026-06-20 11:22:41.815241,61708.69,Online Retail,Hyderabad,0,0
80a21778-8ad9-4448-9e8e-98cc18b1f6e8,ACC01342,2026-06-20 09:41:23.815241,61560.32,Entertainment,Mumbai,0,0
4f4d4844-f692-4421-8aad-ece3feb3034b,ACC00011,2026-06-20 22:59:51.815241,60436.08,Fuel,Pune,0,0
d298404d-96f6-4fa1-9951-9ab3bf5eaf8e,ACC01017,2026-06-20 18:01:26.815241,59673.22,Travel,Chennai,0,0
0f89a187-98de-49d7-b6ef-8aea6a1f13bc,ACC01203,2026-06-20 11:20:12.815241,59287.23,Online Retail,Hyderabad,0,0
546fadc0-6d9e-42f0-b530-4678b23c59d5,ACC01700,2026-06-20 15:13:04.815241,58176.83,Fuel,Pune,0,0
fc05f05f-d6b0-4b50-9400-801a5273a979,ACC01503,2026-06-20 07:11:31.815241,57920.18,Utilities,Bangalore,0,0
6b08984b-a731-46f3-9485-39236223733d,ACC00040,2026-06-20 08:42:37.815241,57616.32,Grocery,Mumbai,0,0
c4df0d2f-058b-47ea-86f8-aa1decf1f1ff,ACC00896,2026-06-20 16:29:04.815241,57075.36,Online Retail,Kolkata,0,0
20f0156a-1e6a-4628-9c6d-52d5ae2e9af9,ACC00191,2026-06-20 17:50:51.815241,56968.33,Entertainment,Bangalore,0,0
39899fb6-1ffc-4178-8e0d-b1699b9bb098,ACC01956,2026-06-20 11:15:07.815241,56901.44,Electronics,Delhi,0,0
0b2e9701-3d6c-4b59-99eb-fc2cb6f86875,ACC00783,2026-06-20 21:14:48.815241,56544.33,Online Retail,Chennai,0,0
f7fb06b9-3875-4c18-b4da-a45b265ba3cd,ACC01809,2026-06-20 13:14:54.815241,56455.01,ATM Withdrawal,Kolkata,0,0
bc6eca3c-6de8-4d69-9080-4843854da59c,ACC00766,2026-06-20 16:19:42.815241,56206.79,Grocery,Hyderabad,0,0
afd5b90b-41a6-4c90-a91c-0da1a5630d3a,ACC01336,2026-06-20 15:29:59.815241,55932.11,Online Retail,Kolkata,0,0
f9fe3c0b-f032-4c9d-9703-846f4b9cf926,ACC00604,2026-06-20 07:19:26.815241,55871.94,Dining,Delhi,0,0
ff312501-21fe-48cc-ae7e-c1a31778f543,ACC00138,2026-06-20 09:38:30.815241,55778.6,Online Retail,Chennai,0,0
98a91187-6c7a-4c9d-b237-64bae202f022,ACC00984,2026-06-20 12:49:35.815241,55593.94,Fuel,Kolkata,0,0
a4924990-c74f-462f-8909-250a5d778872,ACC00542,2026-06-20 19:36:30.815241,55468.96,Travel,Pune,0,0
db0dc112-0123-4278-8d0b-0c010c961c84,ACC01502,2026-06-20 22:27:15.815241,55449.06,Travel,Pune,0,0
b8adb547-416d-4b9e-afcf-bc2d57116bea,ACC01900,2026-06-20 12:26:27.815241,55086.53,Utilities,Bangalore,0,0
d6279611-502c-4373-8fda-8ed8b3999f2b,ACC01957,2026-06-20 16:51:03.815241,54512.46,Electronics,Bangalore,0,0
7c49dcfe-f127-4feb-b8c7-a2fdf5009e6d,ACC00451,2026-06-20 21:58:19.815241,54476.35,Fuel,Hyderabad,0,0
25aca6da-bae8-4a4a-9b95-b8913580c105,ACC01603,2026-06-20 18:23:44.815241,54227.02,Online Retail,Hyderabad,0,0
aca98c87-2fe4-4437-97da-0ac2941efa01,ACC00523,2026-06-20 13:40:40.815241,54001.86,ATM Withdrawal,Pune,0,0
ca8f1a6f-cce0-4872-b765-c78f6104f9ec,ACC00893,2026-06-20 15:12:25.815241,53831.55,Utilities,Chennai,0,0
611aaf0b-df34-4346-af9b-9ac5918392fb,ACC00421,2026-06-20 07:38:43.815241,53756.76,Healthcare,Hyderabad,0,0
3161e145-8cf5-4a05-9284-9b75745d82b8,ACC00523,2026-06-20 21:15:18.815241,53735.84,Entertainment,Pune,0,0
7aaa6336-dda2-4bfd-a747-70a19f29f7df,ACC01049,2026-06-20 21:04:35.815241,53662.59,Healthcare,Chennai,0,0
ac620f66-5176-477f-9c45-e35e7ec39149,ACC01076,2026-06-20 18:08:49.815241,53560.29,Online Retail,Pune,0,0
ed9dac71-9986-413e-b63d-e47c572fb96d,ACC00659,2026-06-20 09:44:40.815241,53246.28,Grocery,Hyderabad,0,0
d7d4ad6b-a4a6-4717-9821-e075bee24c58,ACC01785,2026-06-20 22:55:22.815241,52623.91,Dining,Kolkata,0,0
4c6cfc1c-783c-4761-92f3-77fdbe072245,ACC01876,2026-06-20 07:57:14.815241,52325.93,Dining,Hyderabad,0,0
23a10fdd-9402-47be-8deb-dd3c528e0ae8,ACC00073,2026-06-20 14:02:09.815241,52320.95,Utilities,Hyderabad,0,0
dd9fd016-d6fd-4d6a-a3c6-bb6420cf16bc,ACC00093,2026-06-20 08:35:49.815241,51975.76,Grocery,Mumbai,0,0
97608845-7a45-463a-a313-894b5d2caff9,ACC00510,2026-06-20 12:14:40.815241,51964.2,Utilities,Mumbai,0,0
99d2f7f2-eb1f-483e-856b-1c79a4f17bc1,ACC00105,2026-06-20 09:54:41.815241,51491.43,Utilities,Mumbai,0,0
2f8aeb01-c73f-41d2-b059-5815bf32dbc5,ACC00590,2026-06-20 07:06:39.815241,51340.87,Travel,Kolkata,0,0
716c00fd-4ea0-4bc3-abc6-8d570ebc632e,ACC00453,2026-06-20 08:33:04.815241,51035.16,Grocery,Hyderabad,0,0
d4fcd36d-1f45-4c1f-a2d7-cd824b3bcc25,ACC01479,2026-06-20 17:57:36.815241,50744.31,Entertainment,Bangalore,0,0
617da927-a575-47ed-b442-7dd75de235cd,ACC00111,2026-06-20 15:13:10.815241,50504.17,Dining,Chennai,0,0
7616e3a2-3d9d-49d4-b5e6-6d4c539cb0bb,ACC00453,2026-06-20 11:54:26.815241,50277.64,Travel,Hyderabad,0,0
32b27bec-51e6-4866-b7b8-70c37b5c2074,ACC00927,2026-06-20 10:44:34.815241,50188.73,Electronics,Mumbai,0,0
607e5719-6d40-4463-b46c-76938c4d3864,ACC01842,2026-06-20 08:43:30.815241,49260.77,Utilities,Delhi,0,0
a6d168ce-58d4-4871-8a6c-67bd67b63249,ACC01721,2026-06-20 12:42:09.815241,49178.86,Electronics,Chennai,0,0
a38bbaa4-4fe8-48d8-822c-a6a893daf60d,ACC01711,2026-06-20 07:42:08.815241,48476.8,Travel,Bangalore,0,0
6f656ede-ec73-470b-9d10-562ed4adf7b8,ACC01421,2026-06-20 09:48:33.815241,48219.5,Dining,Kolkata,0,0
607488b0-be04-487b-a1c2-b005f1c4e6e3,ACC01936,2026-06-20 10:58:47.815241,47969.51,Travel,Kolkata,0,0
964db03f-9340-4fad-9c4a-d56bd6016237,ACC01840,2026-06-20 21:27:12.815241,47681.49,Fuel,Pune,0,0
094a8492-d88d-41dd-b21a-3244cf6579ec,ACC00762,2026-06-20 07:22:51.815241,47290.5,Online Retail,Mumbai,0,0
3ca84bd1-d18d-4300-98e7-bd1b9ec2ccce,ACC00235,2026-06-20 20:11:26.815241,47210.19,Online Retail,Bangalore,0,0
6e89a7a8-b68d-4037-98fe-3fb8a1628abf,ACC01397,2026-06-20 22:35:32.815241,46884.58,Fuel,Kolkata,0,0
eebea50d-5a6c-433e-af5f-8913d13a962d,ACC01724,2026-06-20 13:42:30.815241,46815.42,Grocery,Pune,0,0
bf5628b9-30eb-4400-9d55-8095e6c75732,ACC00146,2026-06-20 08:03:11.815241,46782.38,Online Retail,Hyderabad,0,0
890a4043-e4c2-4429-a8ec-1167cb148792,ACC00882,2026-06-20 12:35:14.815241,46715.03,Grocery,Chennai,0,0
40d0cc0e-89f4-4205-99a1-5e3a0bd2f2c0,ACC01510,2026-06-20 10:42:12.815241,46650.88,Fuel,Bangalore,0,0
c6406b52-cdef-4ef2-89c3-9ca741b419ca,ACC00099,2026-06-20 11:51:14.815241,46569.5,Entertainment,Pune,0,0
df277a00-9fe0-4ab7-bb12-cb4e98d2184d,ACC00442,2026-06-20 12:39:46.815241,46396.34,Dining,Delhi,0,0
32b5a6a4-f9a7-403c-86e1-abafdd0f8a48,ACC00303,2026-06-20 10:06:31.815241,46029.3,Electronics,Mumbai,0,0
a5591b25-1bf2-4087-9615-2ab18bbef839,ACC00053,2026-06-20 22:49:55.815241,45764.51,Travel,Delhi,0,0
d3ac1bf7-711c-444b-9f1e-08090a5c262a,ACC01129,2026-06-20 22:21:03.815241,45674.7,Dining,Chennai,0,0
2264efac-b100-4aeb-921c-96991a2d27e8,ACC00679,2026-06-20 10:59:56.815241,45582.74,Electronics,Chennai,0,0
8d038911-613a-4070-834c-97079f20c48d,ACC01830,2026-06-20 10:14:06.815241,45483.5,ATM Withdrawal,Hyderabad,0,0
4c825d09-e302-47fd-92a2-5bdbc522fe5c,ACC00444,2026-06-20 13:34:39.815241,45399.68,Healthcare,Bangalore,0,0
4b9dfd58-9e5d-4c7a-85ac-c35415f00cb4,ACC00015,2026-06-20 10:22:14.815241,44151.09,Travel,Chennai,0,0
8702f4ad-cca3-44c4-ae49-82cf7c239ebc,ACC01566,2026-06-20 17:16:54.815241,43876.25,Dining,Delhi,0,0
716b7101-ede3-4af3-92f3-b9b3eb59fcc0,ACC00937,2026-06-20 22:55:25.815241,43370.1,Electronics,Pune,0,0
bb173535-2176-470f-8d0e-1f231ee2c3e8,ACC00312,2026-06-20 12:48:06.815241,43119.59,Online Retail,Chennai,0,0
2b729d66-504f-4e7c-b46e-49a81817dac5,ACC01704,2026-06-20 17:45:05.815241,43063.09,Online Retail,Chennai,0,0
5927aec9-74ef-45f1-815b-fcb7259a85e5,ACC01815,2026-06-20 11:52:44.815241,42923.28,Grocery,Mumbai,0,0
e8cda5ec-1a9d-4e9a-89f5-d740e11ce650,ACC01650,2026-06-20 14:51:43.815241,42277.63,Dining,Chennai,0,0
a640637d-8c69-4053-9885-847e1230a2f2,ACC01275,2026-06-20 14:51:22.815241,42196.5,Utilities,Kolkata,0,0
3e2613ab-a98c-49cf-b25f-3382dbad54e6,ACC00908,2026-06-20 09:26:41.815241,42188.65,Fuel,Pune,0,0
15e4001b-70c0-418e-9303-c04ba05ca129,ACC00316,2026-06-20 21:20:55.815241,41708.17,Travel,Chennai,0,0
651c21fd-efda-449e-8c67-43e15f9209ec,ACC01893,2026-06-20 11:53:22.815241,41686.48,Healthcare,Chennai,0,0
2c6269b9-33c8-49dd-89f3-8070bb41c020,ACC01129,2026-06-20 11:13:45.815241,41604.85,Fuel,Chennai,0,0
8f57c122-f50a-42e8-83ec-608b5ae9d2b3,ACC00510,2026-06-20 22:06:39.815241,41288.48,Online Retail,Mumbai,0,0
4d7ca70d-fe4c-43d1-8298-0d476902ad05,ACC01155,2026-06-20 21:26:44.815241,41237.16,Fuel,Mumbai,0,0
96c347fd-9ecd-41ac-b0d9-026aa6da3e79,ACC00639,2026-06-20 22:31:59.815241,41192.76,Fuel,Kolkata,0,0
32d4d3a5-98dd-4c3c-a4ce-b832c8776e4b,ACC01959,2026-06-20 22:27:08.815241,41152.2,Online Retail,Delhi,0,0
d2449e90-3913-4c25-bb09-172770aefc33,ACC01492,2026-06-20 12:51:55.815241,41015.71,Entertainment,Kolkata,0,0
2071b3be-9787-4b9a-b143-8e9c7e55c568,ACC01181,2026-06-20 15:08:10.815241,40964.14,Online Retail,Hyderabad,0,0
09b21305-65ad-4673-8a2a-06770f423f8a,ACC01618,2026-06-20 11:28:39.815241,40781.22,Healthcare,Mumbai,0,0
9cd672c5-c2bc-4290-9b60-5515999a5228,ACC01462,2026-06-20 20:42:58.815241,40704.41,Electronics,Chennai,0,0
b5b453ca-3d42-493c-8c9f-d3349bdf0377,ACC00240,2026-06-20 07:02:59.815241,40509.72,Grocery,Kolkata,0,0
4a2f2373-f777-4816-85ef-875e26755363,ACC00256,2026-06-20 08:48:59.815241,40451.38,Utilities,Kolkata,0,0
17da449a-34be-486a-857c-c93d237b0972,ACC01724,2026-06-20 21:51:44.815241,39933.7,ATM Withdrawal,Pune,0,0
2d03fb11-ddc2-44eb-9af8-53fb9c7cc702,ACC00311,2026-06-20 21:00:38.815241,39005.36,Healthcare,Pune,0,0
a87da2af-3ae8-460a-adaf-ea5450b9e04a,ACC01890,2026-06-20 15:57:24.815241,38789.48,Healthcare,Chennai,0,0
3d84456b-6929-44f2-9dd5-7793b7d82a86,ACC01409,2026-06-20 09:57:28.815241,38673.42,Utilities,Hyderabad,0,0
1c3827f0-bdf8-4b37-8d0d-b78b322d186a,ACC01264,2026-06-20 09:12:07.815241,38446.84,Utilities,Bangalore,0,0
b11fbcb1-561a-4932-a26b-5b45b8d72019,ACC00168,2026-06-20 13:59:06.815241,38312.37,Utilities,Pune,0,0
3fb4b9c7-f8f7-4535-a81b-58ec5a60ccb9,ACC01433,2026-06-20 13:27:56.815241,37934.81,ATM Withdrawal,Kolkata,0,0
40685469-5a88-43ed-a686-1921057de4d0,ACC01390,2026-06-20 22:49:52.815241,37800.15,Healthcare,Pune,0,0
fa1d8ded-7dc8-47a2-adda-a3b60ab84fe2,ACC00509,2026-06-20 14:14:57.815241,37588.17,Travel,Kolkata,0,0
04600d00-d4bf-4ba3-b55c-b7ec0e7f0d3e,ACC00083,2026-06-20 14:40:34.815241,37225.49,Travel,Kolkata,0,0
46738fc3-0d21-480c-a08f-24e32f517100,ACC00909,2026-06-20 20:06:37.815241,37211.64,Utilities,Bangalore,0,0
ff935e35-5399-4173-b7aa-877c7cd32789,ACC00653,2026-06-20 17:29:13.815241,36500.03,Electronics,Delhi,0,0
6577aba9-9e65-49a5-92f7-d82a70186dce,ACC00321,2026-06-20 20:12:22.815241,36087.34,Dining,Pune,0,0
dbc99ee6-dac7-474f-b925-e8db54898ead,ACC00409,2026-06-20 10:59:43.815241,36053.07,Entertainment,Hyderabad,0,0
9cf0da1b-c0df-4432-8443-05018adc83dd,ACC00144,2026-06-20 18:15:54.815241,35833.96,Online Retail,Mumbai,0,0
49c3b773-c274-43a1-8931-638e5e76519c,ACC00607,2026-06-20 12:16:25.815241,35805.97,Grocery,Chennai,0,0
c30be23d-cdde-4282-a41b-25c876c9c28e,ACC01097,2026-06-20 14:39:22.815241,35784.92,Fuel,Mumbai,0,0
a0b48ea7-b2ae-4aa0-896f-e8bccac6b6dc,ACC01429,2026-06-20 19:41:13.815241,35173.69,Healthcare,Mumbai,0,0
01c40890-69e1-4d36-aa78-65b46d7831f2,ACC01745,2026-06-20 20:30:41.815241,34836.45,Healthcare,Chennai,0,0
f4267827-eb84-49de-b105-00c8eb936513,ACC01294,2026-06-20 10:27:57.815241,34817.46,Travel,Chennai,0,0
8c107d50-e13a-49fa-9f41-981b53893458,ACC00215,2026-06-20 10:17:26.815241,33910.73,Healthcare,Kolkata,0,0
eeb3a3d9-4cbd-4c02-b532-42f9f3ed0738,ACC01166,2026-06-20 09:10:53.815241,33797.89,ATM Withdrawal,Hyderabad,0,0
164dd2dd-9ea4-4978-bef9-b1f64d3bd723,ACC01409,2026-06-20 22:30:45.815241,33733.26,Healthcare,Hyderabad,0,0
f3e11b15-1208-4ea2-9c39-44f592aeec42,ACC00939,2026-06-20 11:37:58.815241,33386.36,Online Retail,Kolkata,0,0
4aaa77eb-8e3c-4596-b2b5-05705d616d41,ACC01096,2026-06-20 15:35:07.815241,33085.08,Utilities,Mumbai,0,0
0ab6c155-2e42-4010-a9cd-10722127130e,ACC00820,2026-06-20 17:53:48.815241,32842.25,Travel,Hyderabad,0,0
51f4a724-9950-4858-88ca-c260b3f5a21c,ACC01918,2026-06-20 09:28:14.815241,32814.02,Fuel,Pune,0,0
1bc50478-20c5-4f11-adf6-e5a0e500ff86,ACC00396,2026-06-20 20:44:02.815241,32596.15,Healthcare,Bangalore,0,0
cfffaadf-cbf5-4e48-af81-a075d847fc58,ACC01010,2026-06-20 15:06:39.815241,32506.6,ATM Withdrawal,Delhi,0,0
3e7447a2-a672-432f-9c9f-0999e869839a,ACC00546,2026-06-20 19:59:24.815241,32019.46,Travel,Delhi,0,0
2e654dcc-8087-44bc-91b0-830f71c629a6,ACC01864,2026-06-20 07:59:50.815241,31932.78,Electronics,Hyderabad,0,0
5caf4366-ffa6-4ce6-9f3a-34cebce148df,ACC00731,2026-06-20 07:27:30.815241,31846.58,Electronics,Pune,0,0
dc3eef2e-c9f1-4100-8302-21b0fc289203,ACC00906,2026-06-20 13:37:19.815241,30982.09,Travel,Delhi,0,0
5832c8de-521b-48c2-b0c3-ef8a592ab43d,ACC00681,2026-06-20 20:35:45.815241,30628.8,Entertainment,Kolkata,0,0
ccfe6343-8f24-4dc4-b06e-f9ac9ccee410,ACC00209,2026-06-20 10:13:00.815241,30513.82,Utilities,Pune,0,0
4758f609-f2d2-4f14-af3a-e9ef663b28bc,ACC00470,2026-06-20 07:56:48.815241,30357.23,Online Retail,Hyderabad,0,0
9be5662a-dc97-4a81-bdee-d56a21ddd27e,ACC01801,2026-06-20 22:37:18.815241,30347.33,ATM Withdrawal,Mumbai,0,0
a44d4f78-67a7-41c4-bcdf-0570bb1ccb05,ACC01604,2026-06-20 10:58:33.815241,30251.55,Healthcare,Kolkata,0,0
3fcc5282-113f-41c3-a214-a0f81219ee28,ACC01889,2026-06-20 11:53:32.815241,30078.09,Entertainment,Mumbai,0,0
5b76b287-f998-444f-87ff-eb5bda73f900,ACC01445,2026-06-20 21:47:16.815241,29536.47,Travel,Kolkata,0,0
dec38c04-4524-47f9-b26d-8a49fba2bf91,ACC01608,2026-06-20 13:02:15.815241,29532.07,Electronics,Mumbai,0,0
b304f39b-da8f-4861-89a2-2f26d7b84b35,ACC01604,2026-06-20 20:13:19.815241,29503.0,Entertainment,Kolkata,0,0
dedcc2ff-53d4-4caf-91bb-797af464a31f,ACC01133,2026-06-20 08:31:40.815241,29488.44,Dining,Hyderabad,0,0
1d97bbd7-4129-449c-8dff-155233ea0283,ACC00395,2026-06-20 16:47:33.815241,29479.15,Online Retail,Bangalore,0,0
c8d57717-9055-436f-8aa5-f9d3335f2f59,ACC00018,2026-06-20 16:05:07.815241,29105.18,Fuel,Bangalore,0,0
c4ddfe54-917c-4f11-b81e-d083929614b5,ACC01099,2026-06-20 16:41:42.815241,28507.63,Entertainment,Chennai,0,0
95018a74-f0e1-4ea0-8f2e-6ee0c22d5a6e,ACC00563,2026-06-20 21:54:48.815241,28423.51,ATM Withdrawal,Pune,0,0
dc139d18-aa31-4ff1-b08d-338ca5061969,ACC00931,2026-06-20 11:09:34.815241,28326.38,Dining,Kolkata,0,0
fe3f2165-96f5-4967-b47a-9e8e9e607547,ACC01885,2026-06-20 12:50:58.815241,28315.24,ATM Withdrawal,Kolkata,0,0
8208fd42-209c-44a5-931e-1d4d9abc9859,ACC01686,2026-06-20 20:30:55.815241,28113.44,Healthcare,Chennai,0,0
1caa2ddb-c30c-4876-85a6-022fbfd53346,ACC00612,2026-06-20 22:45:08.815241,28081.35,Electronics,Bangalore,0,0
ced1940b-340d-4da3-bcac-8da5a8346f29,ACC00473,2026-06-20 09:41:50.815241,28029.44,Online Retail,Kolkata,0,0
2693bf4a-91f2-4906-8524-f43c49561c5e,ACC01652,2026-06-20 22:42:34.815241,27648.41,Entertainment,Delhi,0,0
f4891878-7210-44ac-b0be-cdd80581a9ef,ACC00906,2026-06-20 09:10:10.815241,26685.83,Travel,Delhi,0,0
36f73c19-7834-41b7-a25d-251c8c3ece4b,ACC00394,2026-06-20 08:09:10.815241,26650.87,Grocery,Delhi,0,0
8eb41309-dd3a-4b64-9c0e-4c08cb51ea63,ACC01265,2026-06-20 08:11:53.815241,26608.95,Entertainment,Bangalore,0,0
9c6cad7a-5145-4872-8876-c68914509f6c,ACC01604,2026-06-20 13:01:25.815241,26453.07,Entertainment,Kolkata,0,0
39138902-c544-4ab0-be70-3fc225bb2712,ACC01604,2026-06-20 17:27:44.815241,25777.56,Fuel,Kolkata,0,0
17e6f0fe-0790-4a35-b5dc-631e90720cd7,ACC00295,2026-06-20 20:45:35.815241,25438.5,Online Retail,Chennai,0,0
820359e7-f3f5-4226-b2b1-c1c9798a95e2,ACC01137,2026-06-20 19:48:09.815241,25225.28,Dining,Chennai,0,0
f758d606-cdc0-4ee1-bde8-13849833d2b6,ACC01952,2026-06-20 15:24:45.815241,24782.77,Online Retail,Bangalore,0,0
af50061f-41e5-41fe-b72b-b847c712823d,ACC01604,2026-06-20 13:11:18.815241,24694.78,Fuel,Kolkata,0,0
67f3e4bf-a3b3-4be6-9726-9541b8d11a8f,ACC01604,2026-06-20 12:18:48.815241,24550.92,Online Retail,Kolkata,0,0
3b778820-828b-49ae-af0b-271f56f95d20,ACC01889,2026-06-20 18:08:31.815241,24299.1,Healthcare,Mumbai,0,0
974b18d9-9aca-46fc-9212-fae7a8eb7709,ACC01196,2026-06-20 13:33:38.815241,24270.9,Fuel,Hyderabad,0,0
424c4c8f-638b-423c-93c4-b8acadc75326,ACC01643,2026-06-20 21:41:45.815241,24073.81,ATM Withdrawal,Hyderabad,0,0
26b16c7c-5189-479a-b934-2fbd46296ada,ACC01740,2026-06-20 07:19:06.815241,23945.45,Healthcare,Bangalore,0,0
de1d4653-d112-4bb8-a7b2-df91adbd2e33,ACC01136,2026-06-20 17:49:35.815241,23793.46,Healthcare,Chennai,0,0
b0f9d52e-9245-4bb7-9bde-9c0d18149d8d,ACC01604,2026-06-20 09:06:43.815241,23790.98,Entertainment,Kolkata,0,0
f0333a2f-d580-4795-b2a9-b9086e65ac94,ACC01541,2026-06-20 11:23:38.815241,23702.02,Electronics,Chennai,0,0
33271389-124a-40a5-83bd-78c1b5dabcbb,ACC01604,2026-06-20 19:29:22.815241,23664.89,Travel,Kolkata,0,0
613f50db-e5aa-4c5a-bbe7-52062ce62f9f,ACC01604,2026-06-20 16:32:58.815241,23656.55,Travel,Kolkata,0,0
ed3b08d2-db21-4812-9cde-641fd02535b2,ACC01646,2026-06-20 12:58:34.815241,23316.55,Electronics,Kolkata,0,0
74b8b222-4607-41e5-afd8-dfa91b952ae5,ACC00399,2026-06-20 07:44:02.815241,23152.55,Fuel,Hyderabad,0,0
ff5ebfcb-d0c9-40c4-a2ce-c61bc9001271,ACC01560,2026-06-20 20:37:09.815241,22865.16,Utilities,Delhi,0,0
74d54610-ae4b-4031-9dd7-2830d3eb39bb,ACC00529,2026-06-20 20:54:08.815241,22784.42,ATM Withdrawal,Hyderabad,0,0
302b0401-efed-498b-979a-7368bd96bb0a,ACC00809,2026-06-20 19:58:58.815241,22761.71,Online Retail,Mumbai,0,0
f4ac27ef-b734-4467-bbb9-5b07b1cb62d0,ACC00310,2026-06-20 21:42:51.815241,22735.16,Travel,Bangalore,0,0
b2342544-b933-476d-ac17-d9ef00b14a5d,ACC01955,2026-06-20 16:48:39.815241,22725.73,Travel,Hyderabad,0,0
4ee8f8f0-633d-4f14-af19-1d382a3ac5e2,ACC00681,2026-06-20 17:32:02.815241,22687.26,Electronics,Kolkata,0,0
105dd35c-7d12-4b6b-87b3-d329cfec1804,ACC01394,2026-06-20 21:12:08.815241,22609.75,Fuel,Delhi,0,0
ad9112c5-f5ea-4128-854d-c3bf61d85365,ACC01604,2026-06-20 22:38:26.815241,22150.34,Dining,Kolkata,0,0
9642b052-5379-4279-8cb5-062589a06a99,ACC00028,2026-06-20 15:27:06.815241,21947.44,Travel,Pune,0,0
e93a9be5-1a3d-41c7-89dc-91f3f77ddc5b,ACC01752,2026-06-20 16:21:41.815241,21762.5,Online Retail,Hyderabad,0,0
0f6135f8-3b4e-4d3b-a136-c499b3bc0471,ACC00102,2026-06-20 16:37:10.815241,21761.81,Grocery,Bangalore,0,0
bf13aab8-bfa5-4687-876f-1d85d5fb5858,ACC00103,2026-06-20 19:03:38.815241,21711.42,Healthcare,Hyderabad,0,0
bf41503c-58bd-4b50-b11a-6633f4027821,ACC00038,2026-06-20 22:58:03.815241,21698.99,Travel,Kolkata,0,0
be153187-b783-41d5-9264-04b923f47a55,ACC01604,2026-06-20 15:44:48.815241,21473.53,Dining,Kolkata,0,0
9734f9d8-2f5c-483c-92c2-7691fbbcc54f,ACC01337,2026-06-20 19:10:55.815241,21457.9,Fuel,Chennai,0,0
cdb4e9d8-a544-4c20-a8d0-1288f7491a01,ACC01569,2026-06-20 20:42:29.815241,21408.56,Grocery,Delhi,0,0
7ddee37d-ebba-4a66-aa4e-4d28c0fce144,ACC01779,2026-06-20 08:53:29.815241,21308.07,Healthcare,Kolkata,0,0
f355b820-1816-4d3c-8760-2d4f948152b4,ACC00032,2026-06-20 08:20:04.815241,21258.97,Utilities,Chennai,0,0
b3563532-c1c1-4659-b0bb-34c19087681f,ACC01716,2026-06-20 20:19:07.815241,21247.79,Healthcare,Bangalore,0,0
779f00d5-571d-4650-aa7a-55500ea20640,ACC00479,2026-06-20 18:20:58.815241,21160.16,Dining,Delhi,0,0
48b6dfac-8731-41b7-86dd-4d8a37f14593,ACC00341,2026-06-20 21:56:27.815241,20941.98,Utilities,Mumbai,0,0
08ac88fd-ad39-4cc2-9449-cc2e1d4f3938,ACC00909,2026-06-20 17:30:02.815241,20837.88,ATM Withdrawal,Bangalore,0,0
0f9ed2a7-abe7-4a32-bc01-ebc7402e0863,ACC01224,2026-06-20 07:01:52.815241,20736.62,Fuel,Mumbai,0,0
fc8ae9bd-c969-4fac-9766-92bd6416e20b,ACC01211,2026-06-20 17:39:01.815241,20641.99,Travel,Pune,0,0
8a353f73-a4ba-45b5-a5e7-c785d355e653,ACC01604,2026-06-20 01:54:26.815241,20415.35,Utilities,Kolkata,0,1
71196a1f-8559-4725-b181-c6dedfbe9fbd,ACC01691,2026-06-20 16:19:45.815241,20397.83,ATM Withdrawal,Pune,0,0
ff2c37dc-6bfc-4bd7-9831-3d758b719ba7,ACC01450,2026-06-20 08:25:41.815241,20308.31,Entertainment,Bangalore,0,0
8151ef6c-7963-4f34-b0c7-556a6576796d,ACC01963,2026-06-20 12:58:56.815241,20187.13,Entertainment,Chennai,0,0
2ab35719-e413-42ec-97ce-ecf526353ad8,ACC01693,2026-06-20 07:56:52.815241,20097.71,Electronics,Chennai,0,0
73cc9ff1-dbcf-4223-a478-4edc384e64f5,ACC01394,2026-06-20 14:18:35.815241,19984.07,Dining,Delhi,0,0
36d8c6ed-01b3-4ac3-8816-04b1ab0ded12,ACC00821,2026-06-20 09:38:12.815241,19712.86,Healthcare,Chennai,0,0
f2612977-7fe5-4edd-b4d3-87dd557c9198,ACC00428,2026-06-20 12:58:10.815241,19669.95,Travel,Delhi,0,0
a43a1d9e-1d6f-4f0c-9b3d-9eb152ea0288,ACC01253,2026-06-20 19:17:25.815241,19642.01,Grocery,Hyderabad,0,0
e7c5d314-a969-44fc-9141-70c1ca978f1d,ACC01258,2026-06-20 19:51:14.815241,19547.21,Online Retail,Bangalore,0,0
ce31d600-2fa8-42a7-bfea-70596a90c22a,ACC00290,2026-06-20 20:36:32.815241,19543.74,ATM Withdrawal,Bangalore,0,0
39fa9c25-7b17-4af2-b7c9-d8fcd9a3959d,ACC01604,2026-06-20 22:58:49.815241,19417.15,ATM Withdrawal,Kolkata,0,0
e90f9565-934a-43c8-8340-5061984a00c3,ACC00821,2026-06-20 20:31:10.815241,19223.26,Fuel,Chennai,0,0
4ef22fcc-8285-490e-9f80-b6cfc6c5ef8f,ACC00165,2026-06-20 11:55:26.815241,19012.51,ATM Withdrawal,Pune,0,0
99b3568d-6dcc-4c60-9e35-836f66aa394c,ACC00918,2026-06-20 13:12:26.815241,18871.67,Fuel,Bangalore,0,0
f416e626-33ed-4fa6-b4ef-ccfb386ccabf,ACC01990,2026-06-20 07:00:56.815241,18788.77,Travel,Mumbai,0,0
5768ca2f-b7cb-4ce8-80f6-7383af801bb4,ACC00199,2026-06-20 17:14:32.815241,18413.85,Healthcare,Delhi,0,0
e45fbf0c-777c-412f-9275-5c2569ab9b4c,ACC01604,2026-06-20 21:15:01.815241,18396.98,Travel,Kolkata,0,0
1ed30ffb-f93d-4d9b-8e2d-19cc7ad539fb,ACC01114,2026-06-20 17:09:39.815241,18312.88,Dining,Delhi,0,0
7a3fdb3b-ffd9-4216-b233-c530abee976d,ACC01394,2026-06-20 08:04:53.815241,18273.11,ATM Withdrawal,Delhi,0,0
c958e75e-21d5-4971-b367-49b52cf6bf75,ACC01414,2026-06-20 14:42:37.815241,18212.07,Fuel,Mumbai,0,0
7af0aeba-f8dc-4d6e-830f-10b5b0e75760,ACC00661,2026-06-20 19:17:38.815241,18139.65,Fuel,Pune,0,0
2cea4994-4219-4e92-a8e6-7bc059c328fb,ACC00376,2026-06-20 19:12:04.815241,18136.87,Travel,Chennai,0,0
0a965a8b-8278-45e3-b145-db0c4d6526cd,ACC01604,2026-06-20 16:52:15.815241,18123.08,Utilities,Kolkata,0,0
5b5ec11c-6852-4525-9428-478b98732279,ACC01886,2026-06-20 07:42:22.815241,18116.56,Travel,Hyderabad,0,0
a86f3638-8869-4337-adb8-6cbd5c419100,ACC00329,2026-06-20 22:01:51.815241,18040.34,ATM Withdrawal,Kolkata,0,0
3332323b-4f75-4a96-81a6-034aa7ef610e,ACC01812,2026-06-20 09:25:58.815241,17851.66,Electronics,Hyderabad,0,0
1c347d81-d6f3-4bfd-bb05-d6371a64fe4a,ACC00376,2026-06-20 21:28:50.815241,17704.19,Dining,Chennai,0,0
6b1f7cfc-c6c3-4af9-8396-a4b31ea8bd13,ACC01604,2026-06-20 19:34:40.815241,17690.48,Travel,Kolkata,0,0
b27dc823-a7e1-4b7e-a871-a2c183357e03,ACC01394,2026-06-20 18:45:05.815241,17586.16,Online Retail,Delhi,0,0
ef9c783e-84dc-4558-836e-91d9c27b6b3e,ACC01005,2026-06-20 07:14:43.815241,17580.46,Entertainment,Chennai,0,0
b7d6a62f-9468-4f11-9150-190b5c21018d,ACC01178,2026-06-20 11:35:32.815241,17465.72,Travel,Chennai,0,0
08aec57e-4d05-4113-8d4f-9a2d55f16dbb,ACC00817,2026-06-20 12:02:36.815241,17313.19,Electronics,Chennai,0,0
62b5a995-9b91-4c6f-8a07-b86432b517d4,ACC01394,2026-06-20 14:46:09.815241,17119.78,Healthcare,Delhi,0,0
84c97e1a-331e-4bd4-877e-f1d6d9523619,ACC00608,2026-06-20 17:01:39.815241,17071.39,Online Retail,Pune,0,0
39d68ef9-b8d5-43fc-aa94-34342a9ea8d8,ACC01394,2026-06-20 12:11:24.815241,17060.58,Travel,Delhi,0,0
c7225d8f-2ff9-4a7d-a2df-6584c9b7b082,ACC01394,2026-06-20 10:23:43.815241,17049.36,Electronics,Delhi,0,0
5e7e2813-a967-4fe1-bfce-e629ea8e55a5,ACC01162,2026-06-20 13:32:50.815241,16970.15,Fuel,Hyderabad,0,0
f9a18822-353d-4860-ac24-edb561188d28,ACC01414,2026-06-20 15:15:11.815241,16951.33,Utilities,Mumbai,0,0
401a272f-6063-4b70-a4ac-6fbf05d8b66a,ACC01963,2026-06-20 08:50:42.815241,16943.8,Dining,Chennai,0,0
08b77c51-458d-471c-9c69-6395fe8e3b73,ACC01074,2026-06-20 08:55:25.815241,16810.45,Entertainment,Delhi,0,0
9e334d07-7acf-4115-b481-8e0e84e8f1d9,ACC00821,2026-06-20 07:55:10.815241,16776.94,Electronics,Chennai,0,0
43f532e1-e132-4fd3-ab24-21cca2234dc9,ACC00151,2026-06-20 13:51:41.815241,16760.78,Grocery,Chennai,0,0
062667fc-cedc-45bf-ae94-34ab7adf1458,ACC01963,2026-06-20 13:25:19.815241,16724.18,Electronics,Chennai,0,0
c33fe513-f6e4-4cdf-b5d7-9f82dd3343c3,ACC00729,2026-06-20 10:27:01.815241,16703.58,Electronics,Chennai,0,0
31f3f0c0-22f3-4068-bc0f-549d02740f73,ACC00376,2026-06-20 18:18:49.815241,16702.09,Grocery,Chennai,0,0
64f375d2-35af-4f5f-8be0-4cd01503cb8a,ACC00821,2026-06-20 10:51:55.815241,16654.8,Fuel,Chennai,0,0
c0671841-bdeb-4419-bb20-f45e15a4a4cc,ACC01365,2026-06-20 22:57:37.815241,16651.36,Utilities,Kolkata,0,0
66245bfa-4fcc-439a-b683-d2e6337ea2df,ACC01178,2026-06-20 09:33:23.815241,16648.46,Electronics,Chennai,0,0
d1678ac0-8e89-4a97-b7f1-c35a939e51d2,ACC00638,2026-06-20 11:32:35.815241,16571.56,Fuel,Hyderabad,0,0
e0847351-2e27-4af8-a4b1-1ba8de256879,ACC01963,2026-06-20 20:20:34.815241,16438.78,Healthcare,Chennai,0,0
6bbb8d0e-f46e-477e-937b-d589e4e805bd,ACC01988,2026-06-20 09:27:58.815241,16402.54,Dining,Mumbai,0,0
3c76c902-ed45-4fa3-a8bf-2bda377c88a0,ACC00843,2026-06-20 21:47:23.815241,16378.51,Entertainment,Kolkata,0,0
6f7309fd-d9ec-4466-9b9e-90ffc12581bb,ACC00154,2026-06-20 16:07:44.815241,16310.31,ATM Withdrawal,Delhi,0,0
ac19ba05-9df6-4eeb-8021-8ccc3df7926f,ACC00151,2026-06-20 13:59:41.815241,16307.04,Entertainment,Chennai,0,0
3c64b7e5-54ef-4054-8206-ad9d9be6aa29,ACC00503,2026-06-20 14:30:53.815241,16194.17,Utilities,Chennai,0,0
ad13932f-ff69-49ca-8096-4305c1e98acb,ACC01988,2026-06-20 11:16:28.815241,16067.65,Electronics,Mumbai,0,0
44f68329-42a2-46ef-a430-afa39f9cff0d,ACC00069,2026-06-20 14:54:54.815241,15969.53,Travel,Pune,0,0
06a20460-1978-4a00-aaae-e44aec80c7f5,ACC00729,2026-06-20 15:15:40.815241,15899.23,Entertainment,Chennai,0,0
6e4c2b13-04bc-4453-bcee-2f599ef4acfb,ACC00520,2026-06-20 15:23:56.815241,15891.26,Utilities,Bangalore,0,0
6bed5374-6a60-4de3-a44a-75e07e53acb0,ACC00630,2026-06-20 20:32:32.815241,15821.29,Dining,Chennai,0,0
8429e12c-347f-4a8c-b39a-442b0d92bc7e,ACC00780,2026-06-20 15:49:08.815241,15787.58,Electronics,Mumbai,0,0
716b8eba-90b6-4fdf-8136-acf1c883d36f,ACC00133,2026-06-20 09:05:15.815241,15762.39,Travel,Pune,0,0
31f30603-6c7e-444b-8324-17eaee178088,ACC00729,2026-06-20 17:27:27.815241,15746.02,Healthcare,Chennai,0,0
8a430d37-3b9c-47fc-99ea-d309ff918cba,ACC01431,2026-06-20 21:00:37.815241,15734.2,ATM Withdrawal,Chennai,0,0
a9a0f0c8-14e6-49df-af46-e775e3324380,ACC01178,2026-06-20 19:21:27.815241,15628.24,Online Retail,Chennai,0,0
c9bc4074-b884-4ef1-9aaa-a92b97d7c659,ACC01375,2026-06-20 16:25:06.815241,15609.98,ATM Withdrawal,Hyderabad,0,0
565c688d-68ce-4275-82e0-25f18aa00891,ACC01604,2026-06-20 13:21:02.815241,15565.08,Fuel,Kolkata,0,0
c96ec149-1355-4472-a65f-5c59913406a4,ACC00564,2026-06-20 11:58:49.815241,15564.72,Dining,Delhi,0,0
a92e1749-ef70-47e4-af57-8774cbbcd7ff,ACC00529,2026-06-20 17:08:11.815241,15515.21,Electronics,Hyderabad,0,0
42ea57a8-f784-447a-a76d-decf191ba3ae,ACC01414,2026-06-20 19:01:26.815241,15467.81,Electronics,Mumbai,0,0
11860e8b-5051-42b0-a9d1-bd353701b98d,ACC00821,2026-06-20 21:21:54.815241,15440.12,Dining,Chennai,0,0
43693344-9cdd-458c-b9ac-39834d90e891,ACC00729,2026-06-20 11:45:10.815241,15436.89,Dining,Chennai,0,0
cbd880b8-f55b-4385-88a5-41c6148845ca,ACC00638,2026-06-20 17:45:43.815241,15389.77,Online Retail,Hyderabad,0,0
3781d306-d5e0-4664-a4db-04c8a8174c85,ACC00638,2026-06-20 14:05:26.815241,15363.86,Electronics,Hyderabad,0,0
115eacd2-6838-4db5-9376-21258626893f,ACC01431,2026-06-20 18:57:24.815241,15359.75,Dining,Chennai,0,0
2efcd60c-5256-4d59-857f-2f3e61a90fb1,ACC00729,2026-06-20 18:45:00.815241,15340.01,Online Retail,Chennai,0,0
cf1ca021-6431-4fc2-a946-4f3f514f6fd9,ACC00069,2026-06-20 22:04:54.815241,15282.34,Online Retail,Pune,0,0
327272f0-ac92-4046-b7e4-99d131163301,ACC00220,2026-06-20 07:20:19.815241,15280.76,Online Retail,Bangalore,0,0
ec20782a-7862-4712-8bb1-1e8495d46041,ACC01375,2026-06-20 22:36:45.815241,15273.37,Grocery,Hyderabad,0,0
68dc8a83-de7e-4c0a-b9c0-e8adbbbe43a1,ACC00843,2026-06-20 17:29:18.815241,15254.91,Entertainment,Kolkata,0,0
a3b44efe-25c3-4c9d-a856-1badee287a92,ACC00349,2026-06-20 22:35:13.815241,15202.76,Online Retail,Bangalore,0,0
f6d22a7b-aec7-4a82-948b-4376602a4e57,ACC00069,2026-06-20 08:26:19.815241,15170.06,Travel,Pune,0,0
4bc9a961-53b4-4aaf-86e3-cc384331adab,ACC00503,2026-06-20 22:51:30.815241,15109.23,Utilities,Chennai,0,0
a9c5baf4-14fe-4842-9064-f897e713ca88,ACC00069,2026-06-20 21:20:59.815241,15020.89,Entertainment,Pune,0,0
a5e38c06-fa67-4218-827f-1462f5b554a2,ACC00638,2026-06-20 08:17:17.815241,15018.2,Fuel,Hyderabad,0,0
385381c2-5600-4bb7-8178-a56e7d27a883,ACC01289,2026-06-20 10:35:15.815241,14981.55,Utilities,Chennai,0,0
a1eca3b2-8a4e-4996-b512-a7d145a5f212,ACC00133,2026-06-20 22:37:44.815241,14976.69,Fuel,Pune,0,0
413507b8-af3a-4fcd-8a87-fbc2aef75bd3,ACC01431,2026-06-20 10:04:56.815241,14963.19,Online Retail,Chennai,0,0
7250ee18-260a-4962-9d81-b7f57d5911c6,ACC00458,2026-06-20 14:23:24.815241,14961.08,Fuel,Mumbai,0,0
c133e189-6629-44a0-807e-83eabf56068f,ACC01178,2026-06-20 09:35:16.815241,14905.09,Fuel,Chennai,0,0
c8b47734-3fad-4211-80b3-b456c0503524,ACC01807,2026-06-20 12:39:07.815241,14820.61,Online Retail,Bangalore,0,0
342cf061-293b-4d54-b838-b7d0114a843b,ACC01639,2026-06-20 19:22:51.815241,14732.07,Fuel,Mumbai,0,0
f7252068-9109-4e91-a3d6-458bb9dbb178,ACC01394,2026-06-20 15:20:22.815241,14606.99,ATM Withdrawal,Delhi,0,0
7fe3aa6e-a4c1-4d96-899b-11896033f6a1,ACC01431,2026-06-20 17:21:58.815241,14583.39,Utilities,Chennai,0,0
57413822-f96d-4d30-a2b4-ae1037fed84c,ACC01899,2026-06-20 22:25:19.815241,14572.43,ATM Withdrawal,Pune,0,0
85e620fe-a44e-43e1-85ba-136f594ed61a,ACC00503,2026-06-20 17:14:55.815241,14561.28,ATM Withdrawal,Chennai,0,0
a4d841a4-c736-4d30-a0ca-7ddb3586dc4d,ACC00376,2026-06-20 15:42:32.815241,14550.83,Dining,Chennai,0,0
41a24ee2-0e07-4c8c-a527-839fdef0adb3,ACC00151,2026-06-20 09:34:21.815241,14531.63,Entertainment,Chennai,0,0
b1966dd3-d4a1-4c32-84bf-e58ca905150f,ACC01899,2026-06-20 21:28:38.815241,14510.31,ATM Withdrawal,Pune,0,0
276e4a5e-278c-489f-8d26-08846dde3ad5,ACC01766,2026-06-20 09:07:24.815241,14483.83,Grocery,Pune,0,0
db1a8e44-f477-4614-9463-9e5705ecad50,ACC01380,2026-06-20 12:47:23.815241,14481.76,ATM Withdrawal,Chennai,0,0
559ab377-fcc0-4fd7-b976-173d058601a3,ACC00843,2026-06-20 14:47:52.815241,14434.98,Travel,Kolkata,0,0
6a578fa8-d0d8-464d-a092-05327a1e5ebc,ACC01414,2026-06-20 13:17:24.815241,14431.45,Dining,Mumbai,0,0
c6a4cdd2-bcdb-4950-bd97-879cb2c58e84,ACC00503,2026-06-20 13:52:44.815241,14421.4,ATM Withdrawal,Chennai,0,0
e7fda531-37bb-4e87-a991-ac4ab775aec0,ACC01604,2026-06-20 07:01:13.815241,14409.21,Entertainment,Kolkata,0,0
d77a17db-58cb-4209-86e1-5af883ad63ff,ACC00914,2026-06-20 16:14:52.815241,14391.86,Dining,Bangalore,0,0
d1a8a474-6b35-48f0-b2a2-c1a40fa019e4,ACC00779,2026-06-20 13:30:39.815241,14333.86,Electronics,Chennai,0,0
f344d92c-c9f4-4b08-a570-0c771a239873,ACC01988,2026-06-20 19:01:44.815241,14326.89,Utilities,Mumbai,0,0
fb10c215-5036-4209-819d-8b9d0e7c9e99,ACC00171,2026-06-20 17:07:40.815241,14323.94,Grocery,Bangalore,0,0
d8e3b5f9-b752-415a-bb5e-f843394ebb3c,ACC01615,2026-06-20 16:58:28.815241,14323.2,Healthcare,Pune,0,0
5230dfbd-5553-42fe-a889-803e5913f9d3,ACC00520,2026-06-20 14:24:05.815241,14296.65,Electronics,Bangalore,0,0
51c055dc-719d-402f-b5b6-037002cca6d7,ACC00166,2026-06-20 15:35:01.815241,14267.73,Electronics,Mumbai,0,0
1b2b5f8b-a27e-4970-8452-ba518223c495,ACC01375,2026-06-20 20:26:35.815241,14257.58,Travel,Hyderabad,0,0
7b040680-bfbc-426a-9f69-34a5edf193c3,ACC01963,2026-06-20 16:37:29.815241,14229.14,Travel,Chennai,0,0
740a5464-d7a9-4992-8cf5-09eb6eacc868,ACC00081,2026-06-20 15:50:27.815241,14221.73,Entertainment,Delhi,0,0
9a1e373b-3c60-4cd5-a395-e4926de9026b,ACC00461,2026-06-20 10:06:23.815241,14208.53,Entertainment,Mumbai,0,0
fbff1829-aea3-498b-80bd-204e32714f01,ACC00690,2026-06-20 17:40:21.815241,14177.97,Grocery,Pune,0,0
150218b1-0759-43c1-a9ab-8f6968de035f,ACC00520,2026-06-20 10:16:39.815241,14174.17,Healthcare,Bangalore,0,0
b262cfdc-fa56-421f-99e9-960d59308bc8,ACC00690,2026-06-20 19:06:10.815241,14146.01,Entertainment,Pune,0,0
338b7068-0a80-4e58-94e7-5d36cdf691f7,ACC00551,2026-06-20 09:01:20.815241,14092.82,Electronics,Hyderabad,0,0
2d35641a-a6f5-4bec-bf5e-8fc148d01517,ACC01419,2026-06-20 16:58:27.815241,14078.88,ATM Withdrawal,Delhi,0,0
0b3c7aac-5918-4f27-83ba-3d959313578e,ACC01564,2026-06-20 16:14:02.815241,14075.25,Fuel,Chennai,0,0
d70896f4-def7-43bc-90b6-25e45fd4134a,ACC00621,2026-06-20 16:11:40.815241,14074.61,Electronics,Chennai,0,0
82a8b9af-c1d1-4a27-ba2e-a91304273325,ACC00899,2026-06-20 10:44:29.815241,14040.35,Dining,Kolkata,0,0
2fddcb84-f1b7-4a0a-aa26-2309db2f42ba,ACC00349,2026-06-20 17:45:31.815241,14032.56,Entertainment,Bangalore,0,0
f5d68c8f-299c-4d73-8295-f5c984d77929,ACC01074,2026-06-20 11:53:39.815241,13983.56,Electronics,Delhi,0,0
f58fb635-da25-4d05-b282-4bbd00f08c81,ACC01419,2026-06-20 16:55:34.815241,13970.48,Fuel,Delhi,0,0
e07219e6-fceb-4d4a-8b5c-cd0cfe159045,ACC01624,2026-06-20 09:03:20.815241,13948.96,ATM Withdrawal,Delhi,0,0
65adafab-2a07-458d-943b-bf74e609456a,ACC01871,2026-06-20 10:21:57.815241,13942.89,Healthcare,Hyderabad,0,0
af963ea9-4f41-47d6-952e-41e909f946e8,ACC00520,2026-06-20 11:56:22.815241,13938.6,Fuel,Bangalore,0,0
3de5d3d6-4403-4cf4-9df8-5b5ec9c00887,ACC00899,2026-06-20 17:37:05.815241,13894.6,Electronics,Kolkata,0,0
38d4bae1-5d18-40bd-8264-4beb4f233a04,ACC00376,2026-06-20 15:06:44.815241,13880.62,ATM Withdrawal,Chennai,0,0
6f0eebef-97e8-4057-96a7-01aba66ccf43,ACC01564,2026-06-20 11:44:56.815241,13877.75,Electronics,Chennai,0,0
3ca48bf1-3cd0-4c01-a0bb-04fed8c618d3,ACC01766,2026-06-20 19:40:26.815241,13870.35,Electronics,Pune,0,0
7811f8b3-c7c9-4deb-be6e-2cdefd4bfe0a,ACC00051,2026-06-20 15:04:23.815241,13805.8,Electronics,Chennai,0,0
16f9d47e-7cd0-40b5-bc71-bba13627bf2a,ACC01419,2026-06-20 08:28:02.815241,13796.72,Entertainment,Delhi,0,0
513d0f10-3e55-41ec-83cd-61ab5fb6f397,ACC01766,2026-06-20 19:05:53.815241,13783.53,ATM Withdrawal,Pune,0,0
ff245ca5-7339-49c2-8c1b-fe598e40bd73,ACC01375,2026-06-20 09:50:40.815241,13763.25,Electronics,Hyderabad,0,0
f425a31e-1b3c-42f2-bf7a-a2d18b30735e,ACC01988,2026-06-20 11:24:26.815241,13761.19,ATM Withdrawal,Mumbai,0,0
042aaea2-353f-4f6f-99d7-d29891854a6f,ACC01899,2026-06-20 08:34:34.815241,13758.38,Travel,Pune,0,0
144e63da-cafa-4670-af0c-7fa722faf451,ACC01807,2026-06-20 10:01:20.815241,13755.21,Dining,Bangalore,0,0
b1cb0501-f360-4f76-9003-a4ade26a971b,ACC01881,2026-06-20 07:51:51.815241,13606.62,Utilities,Bangalore,0,0
d88a2b67-22c2-4a83-b424-0302e48bb336,ACC00376,2026-06-20 19:15:56.815241,13573.79,ATM Withdrawal,Chennai,0,0
f254a07a-0818-4501-9a67-68f0bce54e0e,ACC00635,2026-06-20 08:13:13.815241,13572.44,Grocery,Pune,0,0
9cca22c7-b284-4f0c-85b8-8aafb9107e29,ACC00337,2026-06-20 12:04:32.815241,13567.53,ATM Withdrawal,Chennai,0,0
c3101e2e-7107-414f-b54a-31ba4ac8927e,ACC00899,2026-06-20 09:33:09.815241,13553.49,ATM Withdrawal,Kolkata,0,0
25b2e968-e2ac-42f2-8c2c-e5e662267f0b,ACC00843,2026-06-20 18:05:49.815241,13529.99,ATM Withdrawal,Kolkata,0,0
e08763af-eee3-4571-b8ad-2217901abe92,ACC01760,2026-06-20 18:47:30.815241,13495.82,Entertainment,Kolkata,0,0
2d2fe48e-1702-49a1-a90f-c8741f83c253,ACC00218,2026-06-20 11:10:38.815241,13426.42,Dining,Kolkata,0,0
3bec27eb-1e80-42df-aef8-27dc8f8ac229,ACC01666,2026-06-20 22:21:39.815241,13421.04,Online Retail,Pune,0,0
c22c7b19-4ef8-4be5-b41a-700189150ae7,ACC01431,2026-06-20 16:37:53.815241,13416.89,Utilities,Chennai,0,0
b373e393-b6a5-40f7-be4f-1bd4f3d5a4ee,ACC01994,2026-06-20 17:06:22.815241,13393.21,Utilities,Bangalore,0,0
6a34c854-1071-4d51-b6c5-9dacb4d7e28e,ACC01380,2026-06-20 07:13:59.815241,13390.6,Dining,Chennai,0,0
74aaed03-36e9-44e7-8731-94c5cb7811ec,ACC00520,2026-06-20 12:20:33.815241,13366.36,Travel,Bangalore,0,0
f1dc0916-18c7-4775-9226-296bc5c625ae,ACC00860,2026-06-20 07:25:29.815241,13339.57,Entertainment,Pune,0,0
148e0d1e-5071-46fe-bbea-1575d2b25bdd,ACC01871,2026-06-20 13:50:09.815241,13314.27,Dining,Hyderabad,0,0
c578f4f4-9b18-476a-9d7b-83630db26722,ACC01640,2026-06-20 07:46:08.815241,13301.15,Fuel,Kolkata,0,0
580cd898-aaf7-4d3b-8e5e-2a7e2ee4cbbd,ACC00899,2026-06-20 07:24:33.815241,13298.78,Travel,Kolkata,0,0
a550a4d1-8e27-4044-9aa8-33b4a982d88e,ACC00220,2026-06-20 07:24:39.815241,13297.91,Travel,Bangalore,0,0
daa9d91a-c484-4fcc-b41e-b704322e2f0e,ACC00151,2026-06-20 22:18:37.815241,13283.53,Travel,Chennai,0,0
f0f95657-3162-4152-aecb-87443ac410cc,ACC01912,2026-06-20 14:47:28.815241,13282.29,Utilities,Kolkata,0,0
fdc52c85-e0c8-4a48-88d5-de25fdf4ca04,ACC01431,2026-06-20 10:12:59.815241,13275.5,Utilities,Chennai,0,0
b0ebb018-ed56-45a8-bbac-634f76b57231,ACC00439,2026-06-20 21:21:43.815241,13272.57,Entertainment,Pune,0,0
2c0ef6cf-727d-464a-8cc4-a7e5fd25bca9,ACC00635,2026-06-20 10:55:53.815241,13245.24,ATM Withdrawal,Pune,0,0
86cc556b-f0bb-4e32-814f-a9be05209457,ACC00225,2026-06-20 11:11:57.815241,13241.83,Travel,Bangalore,0,0
f27c144f-8895-488f-af8e-094bae197b58,ACC00856,2026-06-20 13:56:46.815241,13227.82,Travel,Chennai,0,0
176fadbc-a00c-43e1-af52-df93b67b6d3c,ACC01514,2026-06-20 16:12:14.815241,13201.05,Dining,Delhi,0,0
4c27d121-201d-4eb6-94b2-673a5c34c368,ACC00189,2026-06-20 11:22:40.815241,13158.69,Entertainment,Pune,0,0
07c333c1-f19a-4b1d-b873-428e0a1e7580,ACC00995,2026-06-20 14:30:51.815241,13128.07,Electronics,Mumbai,0,0
ba4c6c7e-146b-4081-aedf-965e8cb0d577,ACC01718,2026-06-20 19:28:22.815241,13065.39,Dining,Hyderabad,0,0
3e9e998c-805e-4284-beea-f07553a7fb02,ACC00349,2026-06-20 09:17:22.815241,13012.76,Utilities,Bangalore,0,0
c5f52912-06a2-4feb-a696-b86d1dd2c38a,ACC00698,2026-06-20 19:56:13.815241,12903.9,Travel,Chennai,0,0
76d9d64d-7ae6-4ecf-999f-5901e65cad51,ACC01843,2026-06-20 10:35:08.815241,12883.93,Electronics,Chennai,0,0
5e3fba2a-1e0a-4b09-82b8-9fc28d4ad8fc,ACC01994,2026-06-20 16:37:04.815241,12854.14,Travel,Bangalore,0,0
3466b8f9-e1e3-4199-9f1f-05c37717a7cb,ACC01789,2026-06-20 18:20:23.815241,12828.91,Utilities,Kolkata,0,0
b32f7e9d-68ce-4dab-8b42-531e8c96f442,ACC00779,2026-06-20 13:52:34.815241,12823.42,ATM Withdrawal,Chennai,0,0
969ec677-c81b-4f7d-b259-c52842be2d2d,ACC01833,2026-06-20 14:06:18.815241,12796.54,Utilities,Hyderabad,0,0
fbc21364-7a7c-43c8-ad0f-775e8188fd5d,ACC00700,2026-06-20 10:14:09.815241,12789.81,Travel,Kolkata,0,0
a3bdd4d6-0a01-48b6-8ab6-3e0f3cfbc642,ACC01833,2026-06-20 14:38:09.815241,12785.06,Utilities,Hyderabad,0,0
191662ed-692a-4d5c-9a5c-8935b4a34fad,ACC00700,2026-06-20 13:04:57.815241,12776.91,Dining,Kolkata,0,0
8ef0cbcc-c878-49c1-9ea3-4e544db7255b,ACC00096,2026-06-20 10:51:00.815241,12767.13,ATM Withdrawal,Mumbai,0,0
236603b4-53ae-422e-9147-b235e537cd52,ACC01640,2026-06-20 20:18:53.815241,12743.63,Fuel,Kolkata,0,0
d53df7a7-cc96-462d-a354-24eb214cfb58,ACC00698,2026-06-20 07:26:50.815241,12701.53,Utilities,Chennai,0,0
90cf2b3f-2210-4407-b7eb-980571b22f24,ACC00500,2026-06-20 22:34:17.815241,12673.71,Dining,Bangalore,0,0
01139f6f-ec0a-4b3d-8bf5-e9fa5b54dfb1,ACC00225,2026-06-20 17:32:08.815241,12580.49,ATM Withdrawal,Bangalore,0,0
1aca9cf6-7ab6-4c3c-9667-159d22021f9f,ACC01178,2026-06-20 22:58:37.815241,12558.52,Utilities,Chennai,0,0
aa92e1d3-150a-4591-97e8-a949d483cb09,ACC00697,2026-06-20 20:15:48.815241,12540.38,Online Retail,Hyderabad,0,0
37a9acce-5734-44e5-ba24-dc8355a56dd5,ACC01431,2026-06-20 11:52:21.815241,12515.7,Utilities,Chennai,0,0
bbd1132b-6fa2-4d00-a710-e9e4d880c945,ACC01931,2026-06-20 07:54:21.815241,12513.16,ATM Withdrawal,Delhi,0,0
df836b0e-347f-4e75-aa92-d170f0858e79,ACC01807,2026-06-20 14:02:04.815241,12511.24,ATM Withdrawal,Bangalore,0,0
6ebb2956-33dc-43e8-9614-3d93abe71788,ACC00587,2026-06-20 08:30:59.815241,12499.5,Online Retail,Delhi,0,0
6db4b218-4254-41ef-bc40-d97e8468dd87,ACC01765,2026-06-20 20:34:51.815241,12496.42,Utilities,Mumbai,0,0
f685ee51-9ff5-4cce-9690-17ac2c58e023,ACC00098,2026-06-20 11:32:10.815241,12469.05,Grocery,Delhi,0,0
d3f9dab2-57ba-4b4c-a450-9dd3d4bf4f30,ACC01912,2026-06-20 10:56:19.815241,12453.48,Dining,Kolkata,0,0
f77fa3a7-802a-46eb-b2e9-7c2d2fb90ccf,ACC00460,2026-06-20 08:40:40.815241,12439.6,Grocery,Delhi,0,0
388d46c3-990e-41ea-b31b-7c54fb62b35d,ACC00004,2026-06-20 10:13:09.815241,12375.18,ATM Withdrawal,Delhi,0,0
dd7edcf9-fbf0-4c30-9a61-73ed594a4f2e,ACC00243,2026-06-20 10:41:56.815241,12366.96,Travel,Mumbai,0,0
8ccda09e-0dae-499b-9879-7020e94e3808,ACC00229,2026-06-20 07:30:21.815241,12321.41,Dining,Delhi,0,0
7fd4e0b3-6a10-4723-8e9b-ba0413a16ce2,ACC01871,2026-06-20 17:40:41.815241,12301.09,ATM Withdrawal,Hyderabad,0,0
08712ac2-e03a-45a2-8728-f8dfd0f39ff4,ACC01994,2026-06-20 07:57:33.815241,12277.77,ATM Withdrawal,Bangalore,0,0
d5dd461d-ff1d-49ce-b3f4-21f10c06270f,ACC01904,2026-06-20 13:10:51.815241,12276.2,Healthcare,Pune,0,0
76d70b16-076b-44db-bfd9-edb921ed3678,ACC00649,2026-06-20 21:28:54.815241,12275.41,ATM Withdrawal,Bangalore,0,0
68d0a2a8-c4e7-47dd-a929-de738693fd9d,ACC01601,2026-06-20 08:54:30.815241,12274.99,Utilities,Kolkata,0,0
797d80f0-a190-48da-99e8-16199c3bca26,ACC00690,2026-06-20 08:31:49.815241,12270.68,Utilities,Pune,0,0
b7c315a2-dc16-4bae-a541-35f889238eb6,ACC01913,2026-06-20 18:06:11.815241,12248.35,Travel,Bangalore,0,0
11092f7a-00d6-4c63-a4a0-f44bfbdebeb5,ACC01899,2026-06-20 08:10:59.815241,12246.45,Utilities,Pune,0,0
1747aaed-c0c5-4b48-b045-7813f8c2279e,ACC01514,2026-06-20 21:58:56.815241,12231.67,ATM Withdrawal,Delhi,0,0
9b8bf42c-e915-4550-9538-b9e89207a140,ACC01576,2026-06-20 12:26:48.815241,12220.5,Travel,Chennai,0,0
48769153-c688-43fe-9255-5c758d55119e,ACC01789,2026-06-20 15:09:45.815241,12219.64,Travel,Kolkata,0,0
4cd6701c-d5dc-4956-931c-2818f61c1661,ACC00800,2026-06-20 20:20:12.815241,12203.96,Healthcare,Pune,0,0
ba75b97b-55c5-4852-873c-1185bc515b72,ACC01235,2026-06-20 08:27:49.815241,12194.43,Utilities,Bangalore,0,0
3d2867e4-9805-407b-8a10-169133f1634c,ACC00045,2026-06-20 16:30:09.815241,12190.73,Fuel,Mumbai,0,0
a5ea0fe4-77d9-4298-b573-7bfb9fea4a09,ACC00775,2026-06-20 10:20:13.815241,12172.52,Healthcare,Hyderabad,0,0
d2a55d1f-d571-41c2-9ef8-faa86b3c39dd,ACC00804,2026-06-20 21:51:19.815241,12145.44,Online Retail,Delhi,0,0
f849bb62-c650-4492-ae1a-dca0a177ccf2,ACC00337,2026-06-20 07:11:14.815241,12133.11,Utilities,Chennai,0,0
a779e09f-de92-4a06-ac05-b7a833a2f3d5,ACC00583,2026-06-20 16:26:51.815241,12122.17,Electronics,Mumbai,0,0
25dd938b-f7ba-46e1-af5b-3c717bc314bc,ACC01419,2026-06-20 20:28:54.815241,12118.05,Utilities,Delhi,0,0
38173622-4c13-4ca1-8328-b66275c14209,ACC01727,2026-06-20 07:37:32.815241,12099.08,Utilities,Chennai,0,0
af374e8c-c473-4700-837e-7f6080000fac,ACC01465,2026-06-20 14:48:38.815241,12048.56,Dining,Mumbai,0,0
c0fe9e67-d01f-48fd-8415-247a99b550d4,ACC00401,2026-06-20 09:07:31.815241,12047.3,Online Retail,Hyderabad,0,0
93d563ae-51a3-4c26-937b-f79bbb44badc,ACC00543,2026-06-20 21:07:47.815241,12020.2,Dining,Mumbai,0,0
0c8033f0-cc88-4185-b1ba-d5eb3e668eb8,ACC01074,2026-06-20 20:18:07.815241,12015.64,Utilities,Delhi,0,0
54e80ad8-ca34-47ab-9f0e-e52b830ebed5,ACC01570,2026-06-20 08:52:48.815241,11999.29,Dining,Mumbai,0,0
a75401c7-c18f-412c-be6a-950a162d423a,ACC01642,2026-06-20 11:56:59.815241,11986.24,Online Retail,Delhi,0,0
b013845e-3bc7-4e10-886d-66e61f18f838,ACC00229,2026-06-20 22:26:18.815241,11982.68,Travel,Delhi,0,0
79df1479-3aec-4e74-b82f-1c9ecd249a66,ACC00225,2026-06-20 08:09:10.815241,11965.32,Travel,Bangalore,0,0
bb920d63-2ef1-4bd4-b3c8-8461138e4d8e,ACC01208,2026-06-20 08:39:54.815241,11959.38,Entertainment,Delhi,0,0
d86f4bb4-aefc-4ef1-84bb-4aced0c8da67,ACC00594,2026-06-20 21:23:27.815241,11941.89,Travel,Bangalore,0,0
65dffb44-0938-40dd-b4b4-10d6b1c99dec,ACC00877,2026-06-20 22:25:08.815241,11935.42,Dining,Bangalore,0,0
1a7b0888-f229-4380-b748-e0058e622f61,ACC00193,2026-06-20 18:53:48.815241,11914.94,Travel,Chennai,0,0
3ac1f765-9208-4a7d-91b7-90ceafffaf48,ACC01528,2026-06-20 21:19:36.815241,11912.04,Utilities,Hyderabad,0,0
069b2905-d596-4dc8-a2a3-68e05a9c6941,ACC00976,2026-06-20 07:08:09.815241,11885.75,Fuel,Delhi,0,0
ae32b694-0b76-4762-9c1a-74d394d2bef1,ACC00337,2026-06-20 07:46:34.815241,11858.97,Utilities,Chennai,0,0
6b5341c0-2850-4932-92c0-8ee46a35567d,ACC00096,2026-06-20 19:57:11.815241,11804.53,Utilities,Mumbai,0,0
7b2964e9-dcd7-44ca-a33d-5e89c096b9a5,ACC00989,2026-06-20 08:44:11.815241,11804.26,ATM Withdrawal,Pune,0,0
da28fb27-5a9d-4681-a3cb-fa1a00b8118d,ACC01431,2026-06-20 14:50:23.815241,11784.06,Utilities,Bangalore,1,0
62b45550-c024-4e61-bce4-570b245f8b4a,ACC01926,2026-06-20 17:51:48.815241,11725.98,ATM Withdrawal,Hyderabad,0,0
50c7c6d7-3398-49e8-a4db-7aa23049fcc0,ACC00552,2026-06-20 11:03:31.815241,11720.0,Utilities,Pune,0,0
d1730c9a-489f-40d2-9358-4c22c2061ef3,ACC01604,2026-06-20 14:31:58.815241,11650.31,Travel,Kolkata,0,0
80ed319c-ef01-4e79-a9b2-4a990a8260b6,ACC00469,2026-06-20 14:04:13.815241,11650.12,Healthcare,Pune,0,0
71315037-8834-4665-bf04-0e380ef67808,ACC01077,2026-06-20 11:22:19.815241,11638.46,Utilities,Hyderabad,0,0
565c1e3f-6d1c-41d6-b3e0-4a38cdf0aaba,ACC00914,2026-06-20 09:21:22.815241,11614.09,ATM Withdrawal,Bangalore,0,0
c65b438a-c47e-483f-a969-44a2b5632931,ACC00492,2026-06-20 18:51:38.815241,11607.16,Utilities,Pune,0,0
a2cbd5b7-43c2-4fd2-9b1f-0368ccef0219,ACC01576,2026-06-20 14:21:46.815241,11586.83,Utilities,Chennai,0,0
b522f610-ef26-4a84-b2bd-509b564d36b6,ACC01187,2026-06-20 12:15:41.815241,11538.46,Fuel,Mumbai,0,0
149cc4a8-5acd-4fb5-b79d-6d316bd7117b,ACC00844,2026-06-20 13:33:29.815241,11529.6,Grocery,Chennai,0,0
2650b72f-6043-4b9f-9510-c1efe415626d,ACC01512,2026-06-20 22:49:21.815241,11517.38,Utilities,Mumbai,0,0
88b4fdb1-ae3b-4ab2-8df8-d56c3516545c,ACC00857,2026-06-20 12:54:43.815241,11507.34,Utilities,Bangalore,0,0
b599277f-f78e-49e8-b676-291d4e329b4b,ACC01061,2026-06-20 08:31:14.815241,11498.96,Grocery,Bangalore,0,0
9f44dc37-bff9-4dc7-976c-35d9da9e9beb,ACC01052,2026-06-20 16:15:09.815241,11390.62,Electronics,Mumbai,0,0
847933e1-3b7a-42f4-befb-f06ba6e38e23,ACC01692,2026-06-20 15:31:47.815241,11377.56,Dining,Mumbai,0,0
09950822-b531-4b8c-b44c-e24ab64bcd2d,ACC01077,2026-06-20 17:31:32.815241,11349.27,Utilities,Hyderabad,0,0
9a9eb406-d591-41ce-b18f-2155865b0427,ACC01420,2026-06-20 15:03:49.815241,11340.68,Utilities,Hyderabad,0,0
399c22e9-2736-41e2-a16c-92cf662c1cbe,ACC01506,2026-06-20 11:02:02.815241,11315.53,Utilities,Kolkata,0,0
d583543a-3908-4e2c-80a7-60884ab04c4a,ACC01077,2026-06-20 16:35:07.815241,11290.37,ATM Withdrawal,Hyderabad,0,0
fa6a2e9f-d86c-4321-88ee-e6b2a5e441cd,ACC01050,2026-06-20 12:03:16.815241,11283.73,Electronics,Hyderabad,0,0
8171d0ad-b6d2-4888-97ca-822918633b32,ACC00503,2026-06-20 09:19:02.815241,11280.44,Electronics,Mumbai,1,0
0a18501d-394a-4116-be72-54691565b21b,ACC01963,2026-06-20 01:46:04.815241,11199.33,Online Retail,Chennai,0,1
7b0f161d-a69a-4cf4-986b-d902c27232bd,ACC00581,2026-06-20 19:00:42.815241,11190.68,Travel,Kolkata,0,0
c1143180-373b-4989-b259-656e10353a74,ACC00868,2026-06-20 22:43:34.815241,11177.16,Fuel,Mumbai,0,0
4e02ffb3-04bd-4646-9561-2a4ae7a3d3fe,ACC01605,2026-06-20 14:44:23.815241,11164.47,Utilities,Delhi,0,0
3bbe2c50-eb85-49ab-bc66-5dbab76f033f,ACC01822,2026-06-20 18:36:03.815241,11140.0,Grocery,Bangalore,0,0
45c0000b-542f-46fd-bdf7-4d2a8efc5d3b,ACC01061,2026-06-20 16:39:25.815241,11137.96,Utilities,Bangalore,0,0
a6ef8273-6f77-4027-a656-cfbc8ed2de16,ACC00697,2026-06-20 12:42:06.815241,11102.98,Healthcare,Hyderabad,0,0
085f608b-f7e7-4f7f-aba4-c1c6e1c826c0,ACC01506,2026-06-20 19:07:46.815241,11067.2,Travel,Kolkata,0,0
aae920f0-70a1-431e-996a-ac2836ef353f,ACC01868,2026-06-20 15:46:40.815241,11065.61,Utilities,Pune,0,0
ff829517-5753-4be1-826f-e5542b4820ca,ACC01617,2026-06-20 09:22:59.815241,11001.38,Healthcare,Kolkata,0,0
0dd4c0e6-0b09-4fcc-ac34-4cf0ab8e77a1,ACC00331,2026-06-20 16:21:14.815241,10995.76,ATM Withdrawal,Mumbai,0,0
8b75b495-d786-4200-befd-431af2531578,ACC00471,2026-06-20 10:17:38.815241,10982.2,Electronics,Bangalore,0,0
06dcf783-54a8-4262-83f9-fd9b4167e905,ACC00069,2026-06-20 21:44:54.815241,10947.0,Travel,Hyderabad,1,0
d42e63d0-11ec-4389-b1b8-18f909892a36,ACC00933,2026-06-20 18:49:54.815241,10924.21,Travel,Mumbai,0,0
313286b6-72ab-47da-afcd-957777e37e9b,ACC00096,2026-06-20 15:56:35.815241,10897.77,Utilities,Mumbai,0,0
3dfa45fa-1da6-40f0-8a53-d7c4f68fa05b,ACC01387,2026-06-20 08:45:59.815241,10887.33,Fuel,Mumbai,0,0
0df85499-a393-475c-a52c-bf13217c41ea,ACC01850,2026-06-20 18:10:15.815241,10862.19,Utilities,Chennai,0,0
285c9e51-2c53-412b-9be5-e02dd4627bc9,ACC00642,2026-06-20 09:51:11.815241,10852.3,Utilities,Pune,0,0
90e3562f-be88-4c5e-a389-e8b35dbb5f6f,ACC01703,2026-06-20 15:58:45.815241,10814.54,ATM Withdrawal,Kolkata,0,0
224717f9-9d62-405d-99e4-8a169c9a3db3,ACC01573,2026-06-20 22:10:02.815241,10776.06,Travel,Chennai,0,0
636c121f-18a1-45bb-8815-a485add0ce0c,ACC00709,2026-06-20 17:56:19.815241,10762.13,Utilities,Hyderabad,0,0
ab30f1b1-bb4c-4947-8748-b576fe3a4f96,ACC01240,2026-06-20 07:36:06.815241,10749.52,Travel,Pune,0,0
a2fafb69-e35d-4d8b-a8e2-6a151a1b31b1,ACC01604,2026-06-20 07:39:18.815241,10714.75,Utilities,Kolkata,0,0
381bc235-ded6-4cef-9569-af97dab584bb,ACC01359,2026-06-20 19:02:20.815241,10694.85,Grocery,Hyderabad,0,0
d2c5ab6b-61a8-4cee-a2e8-1848258ce9b4,ACC01783,2026-06-20 19:56:57.815241,10668.99,Dining,Hyderabad,0,0
0ee576d1-969e-4c23-9f3a-c1330f348245,ACC00638,2026-06-20 02:30:34.815241,10639.83,Healthcare,Hyderabad,0,1
16ab4bcc-3e83-4fe8-be56-de08e004650e,ACC00638,2026-06-20 01:55:35.815241,10639.83,Online Retail,Hyderabad,0,1
78a0a746-19b4-47e5-9a12-4b4945dc148f,ACC00638,2026-06-20 03:51:44.815241,10639.83,Online Retail,Hyderabad,0,1
01cd2a0e-f7ff-4403-a849-ab2cc1523666,ACC01570,2026-06-20 22:09:46.815241,10626.15,Utilities,Mumbai,0,0
79150e99-8ed3-4834-bd72-1fc205e0c019,ACC00491,2026-06-20 07:35:41.815241,10560.02,Online Retail,Mumbai,0,0
b13e0191-62a8-43b7-9bb8-5f9cb247715d,ACC01823,2026-06-20 15:41:19.815241,10532.58,Online Retail,Pune,0,0
dffcde3f-0b8a-4cc7-877e-335fe5669825,ACC00995,2026-06-20 14:47:24.815241,10481.41,Utilities,Mumbai,0,0
22249813-0a6b-4e3d-94fd-0594ecf91245,ACC01813,2026-06-20 11:58:24.815241,10442.26,Electronics,Delhi,0,0
2bc87553-ec1b-42d1-8e88-f65d919d0e0b,ACC01375,2026-06-20 09:57:52.815241,10439.99,Entertainment,Chennai,1,0
cd75ec26-f908-445c-b1ae-643f3bd471c2,ACC01452,2026-06-20 08:57:47.815241,10437.96,Dining,Hyderabad,0,0
060f4d73-2767-467d-8838-3c8d229f821d,ACC01873,2026-06-20 19:24:04.815241,10355.27,Dining,Delhi,0,0
d4a64bbc-c932-4560-9363-05e825f26dcc,ACC00741,2026-06-20 13:17:41.815241,10341.5,Grocery,Pune,0,0
274c7898-bdad-4a4a-95fb-a6ba6219fcac,ACC01604,2026-06-20 07:00:18.815241,10223.78,ATM Withdrawal,Kolkata,0,0
a5a29064-0787-4802-a54b-7a3a8fd62121,ACC00133,2026-06-20 00:21:29.815241,10194.8,Grocery,Pune,0,1
43fbe290-d7a2-4b23-a2c0-8c859cb1fa96,ACC01988,2026-06-20 17:25:35.815241,10140.43,Online Retail,Delhi,1,0
837b1d33-5887-4859-97a1-487b37287f13,ACC00935,2026-06-20 15:03:24.815241,10132.59,Dining,Hyderabad,0,0
4e2b6b43-97da-4389-87ae-92dea6592388,ACC00922,2026-06-20 20:35:47.815241,10113.96,Fuel,Mumbai,0,0
eab10bcf-64c4-4063-ad68-53c64cd3a6a4,ACC01371,2026-06-20 15:37:28.815241,10085.51,Electronics,Mumbai,0,0
f0386150-e858-4113-bd8a-3614cc935ac9,ACC01153,2026-06-20 11:36:32.815241,10083.4,Dining,Bangalore,0,0
b9f0b2e7-80a5-43ef-a81c-2c6d94a9eb1e,ACC01153,2026-06-20 10:31:07.815241,10058.33,Travel,Bangalore,0,0
0423190d-df1d-45ba-b473-c3fabaf54ed1,ACC00129,2026-06-20 22:59:51.815241,10000.15,Dining,Delhi,0,0
454c976e-c5bc-40a9-acf4-090928349f05,ACC01881,2026-06-20 03:51:51.815241,9982.71,Dining,Bangalore,0,1
7bc384c9-e09b-43bb-83d1-f50231345a64,ACC00769,2026-06-20 08:04:43.815241,9978.32,Travel,Delhi,0,0
97c589d6-5e6f-4908-b0d2-55ea7d1bfff5,ACC00404,2026-06-20 19:07:30.815241,9972.49,ATM Withdrawal,Hyderabad,0,0
a9e3cf79-eba8-43bd-98de-490002f56cdd,ACC01958,2026-06-20 19:05:58.815241,9963.47,Utilities,Kolkata,0,0
797aae98-3efc-441f-b49f-00ae62056386,ACC01649,2026-06-20 17:12:54.815241,9916.65,Online Retail,Kolkata,0,0
dcf35ed1-b182-4c05-95bf-4902c26ba5f2,ACC01522,2026-06-20 20:49:21.815241,9896.19,Utilities,Delhi,0,0
ff99581d-e428-439a-8963-cfd4f15acfd2,ACC00443,2026-06-20 17:52:42.815241,9840.03,Dining,Kolkata,0,0
500f6e1a-9eb0-4d65-8fba-168797571a88,ACC00511,2026-06-20 07:44:52.815241,9820.93,Utilities,Pune,0,0
20667c02-d32d-4358-ab50-4c94a2d2c137,ACC01312,2026-06-20 19:22:26.815241,9812.0,Healthcare,Hyderabad,0,0
a8c7b9aa-bcee-4b3b-9966-eba0036507dc,ACC01867,2026-06-20 09:06:00.815241,9805.61,Travel,Hyderabad,0,0
5cf24a2e-e942-4964-8457-51bce5537c42,ACC01038,2026-06-20 11:50:53.815241,9725.66,Online Retail,Hyderabad,0,0
d7419240-c6aa-4cc9-ae25-7b18e9b6087f,ACC00901,2026-06-20 09:14:19.815241,9666.21,Utilities,Chennai,0,0
d0a16fe9-bb7c-4b2b-88b3-d0a6516f354f,ACC00544,2026-06-20 17:10:04.815241,9613.65,Utilities,Pune,0,0
564bbcd0-bc18-4113-8add-507522e4d34c,ACC00220,2026-06-20 04:29:17.815241,9590.03,ATM Withdrawal,Bangalore,0,1
dc87f0b8-1706-45b4-a0a9-598860365ae2,ACC00041,2026-06-20 13:29:41.815241,9565.23,Utilities,Pune,0,0
7c202e52-429e-4933-92d8-fc8a9a2f1abc,ACC00799,2026-06-20 21:26:44.815241,9478.02,Electronics,Bangalore,0,0
b69b7f15-50b6-4132-a9cb-23742f733ea5,ACC00520,2026-06-20 14:31:05.815241,9464.6,Utilities,Mumbai,1,0
e47472d0-77e0-4d89-9197-aeb02ee49d62,ACC00520,2026-06-20 00:46:01.815241,9464.6,Healthcare,Bangalore,0,1
c321bb82-9ab2-46ad-9f1c-0b97c9b977f3,ACC01374,2026-06-20 21:31:19.815241,9446.77,Fuel,Delhi,0,0
43279517-9d13-421a-8022-2daa39f48366,ACC00680,2026-06-20 14:44:42.815241,9434.3,ATM Withdrawal,Hyderabad,0,0
b3b777ff-1346-4bc0-ab27-00cd974c7e29,ACC00690,2026-06-20 09:14:04.815241,9379.69,Fuel,Bangalore,1,0
b9fd2efd-8b15-43df-8e64-9c30a1873a34,ACC00648,2026-06-20 13:15:36.815241,9370.55,ATM Withdrawal,Chennai,0,0
66c087f1-18da-4cff-b5c0-6b22805d792b,ACC00674,2026-06-20 09:44:14.815241,9328.35,Grocery,Pune,0,0
b0bbbb3b-3eca-4e38-ab57-17787550a823,ACC01003,2026-06-20 13:39:01.815241,9326.87,Entertainment,Kolkata,0,0
90a77c03-9844-496a-be3e-7d12bcc3e799,ACC01482,2026-06-20 13:14:18.815241,9318.33,Grocery,Kolkata,0,0
9293f705-0815-4147-be00-980eae441e21,ACC00630,2026-06-20 19:11:56.815241,9116.72,Grocery,Kolkata,1,0
41841e1e-53f6-46ee-8556-bc04f6cd5a04,ACC00630,2026-06-20 02:18:17.815241,9116.72,Healthcare,Chennai,0,1
3d5e65e2-1ae8-4dff-9a61-385264d4ec8d,ACC00815,2026-06-20 15:10:28.815241,9116.62,Entertainment,Mumbai,0,0
0d29bcbe-5cb8-49a2-8627-bdd38eba7a88,ACC01833,2026-06-20 10:18:24.815241,9106.05,Utilities,Kolkata,1,0
ca7cbacd-6531-411d-a01f-3f8b28840258,ACC00621,2026-06-20 04:17:10.815241,9063.48,ATM Withdrawal,Chennai,0,1
7d89c7f6-5373-44ab-9b6b-e908a8cb54c3,ACC00621,2026-06-20 15:40:42.815241,9063.48,Healthcare,Kolkata,1,0
09072f62-bfec-4531-b036-5ba01ad81d87,ACC01074,2026-06-20 02:20:34.815241,9051.31,Online Retail,Delhi,0,1
87622fae-ac3e-4bb3-aec8-705ef4aa13b1,ACC01074,2026-06-20 10:40:51.815241,9051.31,Online Retail,Kolkata,1,0
d33623c7-8795-4716-a5c4-250f58e6c4d8,ACC00245,2026-06-20 00:41:03.815241,8990.56,Entertainment,Pune,0,1
20323ec5-2f4c-4a5e-869c-4218ecb55c92,ACC01891,2026-06-20 17:00:49.815241,8715.22,Grocery,Chennai,0,0
b99c00af-4672-4e58-bf71-67ff3e0664b9,ACC00825,2026-06-20 21:29:31.815241,8705.21,Healthcare,Kolkata,0,0
e60d6d02-0185-4535-88a2-dd1877841445,ACC00486,2026-06-20 16:47:43.815241,8616.08,Utilities,Delhi,0,0
1b2e046c-7db0-4075-8737-b06123baa116,ACC01514,2026-06-20 08:09:30.815241,8551.71,Fuel,Bangalore,1,0
537163c6-6bc9-4f15-9137-c5c6873e271d,ACC01161,2026-06-20 21:25:41.815241,8512.02,Utilities,Bangalore,0,0
af81c257-a4a3-477c-9dbb-8fe6dcdf9bbd,ACC01048,2026-06-20 17:24:42.815241,8469.78,Utilities,Chennai,0,0
558c7208-283c-47ec-98b4-f757d91ade99,ACC00342,2026-06-20 16:53:38.815241,8442.32,Utilities,Kolkata,0,0
ee888d3c-241c-45b3-9066-3b33348ad2ff,ACC01493,2026-06-20 22:54:02.815241,8440.59,Travel,Hyderabad,0,0
9ff56dd1-07f2-4210-bb15-ffcb41a7e4e7,ACC00885,2026-06-20 22:50:04.815241,8411.4,Utilities,Delhi,0,0
66fce431-e66f-4dbc-8964-1f53c2af7bab,ACC01789,2026-06-20 02:39:08.815241,8328.73,Electronics,Kolkata,0,1
c16ca2ad-908a-4a28-816c-f2edfc40c376,ACC00230,2026-06-20 11:25:40.815241,8308.23,Utilities,Mumbai,0,0
3804997a-ff46-497d-a389-37717dec726a,ACC01575,2026-06-20 22:32:55.815241,8297.31,Fuel,Delhi,1,0
dbd3acc1-ec34-4bc4-aad2-e42703551cce,ACC00443,2026-06-20 12:06:25.815241,8197.81,ATM Withdrawal,Kolkata,0,0
028ccae1-e0b8-4731-b454-4a6a372cba50,ACC01604,2026-06-20 09:33:48.815241,8151.47,ATM Withdrawal,Kolkata,0,0
f39052a6-f12b-48ff-bf83-fbc69a529f57,ACC00229,2026-06-20 16:34:52.815241,7988.08,Utilities,Bangalore,1,0
d218c9d6-c093-4fb0-a4e9-bcfd9647ff9f,ACC00897,2026-06-20 11:42:28.815241,7875.7,Utilities,Chennai,0,0
42cce5ed-dd6b-440c-a695-047a4f42f29f,ACC00552,2026-06-20 02:24:57.815241,7860.56,Fuel,Pune,0,1
3711ba51-03dd-475c-8a7d-51e68c82c0bd,ACC01831,2026-06-20 04:00:18.815241,7696.5,Utilities,Bangalore,0,1
e466c937-6da7-495b-9d4f-97154c9df049,ACC01640,2026-06-20 03:19:19.815241,7639.98,Online Retail,Kolkata,0,1
4eccb0ab-7d53-48ca-a250-46c05f866c8e,ACC01720,2026-06-20 16:24:50.815241,7590.03,Electronics,Chennai,0,0
544da316-4d58-41c8-8717-fa7d44c8bfb4,ACC01692,2026-06-20 13:32:57.815241,7589.42,Dining,Delhi,1,0
d26e802e-1150-41db-8bc6-33f7be591fb3,ACC01859,2026-06-20 10:27:12.815241,7579.93,Electronics,Hyderabad,0,0
e8695c25-9281-45a0-ad98-833ef3645eb4,ACC01818,2026-06-20 17:05:57.815241,7564.72,Entertainment,Mumbai,0,0
04a42239-3a65-49ad-970e-12d5e19f3690,ACC00587,2026-06-20 09:13:07.815241,7559.44,ATM Withdrawal,Bangalore,1,0
3270e4fa-abae-4f43-bcae-8081bdf070aa,ACC01605,2026-06-20 04:43:48.815241,7547.92,Dining,Delhi,0,1
03259756-d10a-452e-af11-3e4caf89c88b,ACC00407,2026-06-20 13:45:51.815241,7434.26,Grocery,Bangalore,1,0
35156681-c463-4518-b353-802511fe14e2,ACC00995,2026-06-20 07:55:32.815241,7428.63,Dining,Pune,1,0
cd0ea4ab-d5a1-4859-95d1-b62dde98cab2,ACC01953,2026-06-20 08:12:21.815241,7265.72,Fuel,Delhi,0,0
cba88a28-1727-40d8-bdf1-02c2b9b4c225,ACC00599,2026-06-20 19:18:43.815241,7211.16,ATM Withdrawal,Delhi,0,0
2cc44d19-49ba-4c33-9dfe-7db59f003be6,ACC00698,2026-06-20 20:10:01.815241,7207.0,Fuel,Hyderabad,1,0
f68d535b-caa6-4697-9634-5a4c0edea541,ACC00698,2026-06-20 00:37:44.815241,7207.0,Dining,Chennai,0,1
5dfff86b-6f28-4b1a-b33a-b280b38213c0,ACC00698,2026-06-20 04:18:26.815241,7207.0,Entertainment,Chennai,0,1
aaed0c22-789e-4e24-a422-363ab0e24d24,ACC00698,2026-06-20 10:01:33.815241,7207.0,Utilities,Delhi,1,0
472b60f6-957d-49fe-b8b2-8b73e9549d88,ACC00547,2026-06-20 11:20:18.815241,7171.21,ATM Withdrawal,Kolkata,0,0
09bc46ae-7d30-451c-8351-714ece48294e,ACC01947,2026-06-20 00:47:48.815241,7168.04,Fuel,Mumbai,0,1
c59265ce-8080-474e-ad33-c65eaa33d95b,ACC00905,2026-06-20 10:10:13.815241,7150.51,Electronics,Mumbai,1,0
21fcc000-f37f-4265-8db9-372a752e9456,ACC00314,2026-06-20 08:54:50.815241,7149.76,Utilities,Chennai,0,0
5de17718-3452-46c6-be1a-e7c29ebcad75,ACC00646,2026-06-20 15:50:41.815241,7107.8,Fuel,Delhi,1,0
497b9689-b634-43ed-af0e-346b38604b38,ACC00989,2026-06-20 18:06:27.815241,7102.24,Travel,Mumbai,1,0
7db0a733-4677-45f4-9fe5-eba297041f94,ACC01017,2026-06-20 03:00:16.815241,7102.01,Entertainment,Chennai,0,1
99f3cb87-ae79-44dd-b77d-ee40ad840f02,ACC01061,2026-06-20 02:30:31.815241,7049.42,Online Retail,Bangalore,0,1
7f2b3c85-ec70-4990-8290-eedd4295edd1,ACC01027,2026-06-20 10:44:14.815241,7041.56,Utilities,Chennai,0,0
7f297630-bbca-4210-afe6-1a89d059b594,ACC00166,2026-06-20 18:15:24.815241,7000.72,Grocery,Bangalore,1,0
b1a9067f-69fd-4b63-aff3-19108deec508,ACC00004,2026-06-20 03:12:55.815241,6974.57,Grocery,Delhi,0,1
88361c29-d38b-42ff-ba94-8e81cb16dde9,ACC00522,2026-06-20 08:11:49.815241,6967.82,Healthcare,Mumbai,1,0
9bd0e94e-601c-4f82-baa5-9b3b8c283b62,ACC00531,2026-06-20 04:42:26.815241,6922.17,Fuel,Mumbai,0,1
13eccf02-cccb-4214-8fc6-f16f4b84bfa9,ACC00531,2026-06-20 00:35:54.815241,6922.17,Fuel,Mumbai,0,1
30ba7b8a-fbf6-4cb0-b9e1-3623c969b227,ACC01506,2026-06-20 00:08:17.815241,6914.11,Fuel,Kolkata,0,1
7395e8ad-e8dc-4257-b39f-f1a3c01cdde9,ACC01187,2026-06-20 07:06:14.815241,6859.34,Healthcare,Delhi,1,0
c1f6afec-a15e-4655-a276-db301adecee4,ACC01068,2026-06-20 20:43:43.815241,6852.48,Utilities,Pune,0,0
24beac61-6cb5-4bc8-b1ee-58e768b8f198,ACC00790,2026-06-20 07:05:35.815241,6826.53,ATM Withdrawal,Delhi,0,0
8d548038-9a26-4279-a25b-74adf519ab52,ACC00355,2026-06-20 19:38:09.815241,6793.28,Utilities,Bangalore,0,0
41fe7f64-5259-4b00-a95d-b6f84b97312b,ACC00393,2026-06-20 20:38:58.815241,6790.44,Utilities,Pune,0,0
d5ef167b-a86e-4d88-aaf2-4e008c3cc43d,ACC01926,2026-06-20 01:49:14.815241,6788.14,ATM Withdrawal,Hyderabad,0,1
76284eb8-a99e-482f-87df-37b6b7d00e65,ACC01657,2026-06-20 02:43:26.815241,6736.26,Fuel,Bangalore,0,1
e3096893-188e-498b-b80c-6cb2f4d26c8e,ACC00424,2026-06-20 12:52:41.815241,6624.2,Utilities,Pune,0,0
e09173c1-66e3-4a52-a661-9a70f30d452a,ACC00180,2026-06-20 20:09:10.815241,6609.69,Utilities,Bangalore,0,0
3d0d49af-8b01-43bd-a11f-abf21d5fe6e2,ACC01867,2026-06-20 16:22:24.815241,6493.75,Travel,Chennai,1,0
2474faaf-89f1-4c00-80c1-2f43b577dd1b,ACC01156,2026-06-20 19:09:05.815241,6490.15,Utilities,Kolkata,0,0
df48d169-74e1-4855-8c5a-358748c5d75f,ACC00462,2026-06-20 04:55:18.815241,6479.31,Fuel,Chennai,0,1
dc411edf-5d6d-41f4-ad2a-42ff5461bb1c,ACC00725,2026-06-20 13:57:28.815241,6479.08,Utilities,Hyderabad,0,0
29aff7f5-26fa-4e7d-a0dc-5cebf389c5d1,ACC00315,2026-06-20 00:50:59.815241,6459.56,Entertainment,Chennai,0,1
f530c98d-6c7f-4bef-b086-47e1fa647958,ACC00160,2026-06-20 04:52:36.815241,6458.49,Electronics,Kolkata,0,1
c3272928-4afb-483e-9832-b435a2727190,ACC01518,2026-06-20 14:57:16.815241,6400.98,Utilities,Kolkata,0,0
4722ceda-76f3-4569-bcea-66a5db06708d,ACC00086,2026-06-20 16:15:03.815241,6357.12,Online Retail,Bangalore,0,0
1df3b6e5-a175-4db6-aeea-e4ecbbe3775d,ACC01460,2026-06-20 00:58:46.815241,6346.79,ATM Withdrawal,Bangalore,0,1
9f690cde-7eaa-4a91-9def-d401792cad76,ACC01220,2026-06-20 14:20:02.815241,6330.98,Utilities,Pune,0,0
acfd8a0c-59c6-4768-b8cf-67d122e79ca1,ACC01461,2026-06-20 20:15:55.815241,6321.28,Grocery,Delhi,1,0
76503128-9cca-4ea0-b245-ffdfeea05ac0,ACC01039,2026-06-20 13:14:11.815241,6282.16,Travel,Kolkata,1,0
50356c05-fec8-4aab-97de-d43c8f629a1a,ACC00664,2026-06-20 04:27:18.815241,6252.89,Online Retail,Chennai,0,1
7bb8373c-81dd-43ea-9421-b62c2d31317c,ACC00511,2026-06-20 17:10:57.815241,6245.35,Entertainment,Mumbai,1,0
129b1e2d-74a4-4600-af56-2306276c01fb,ACC00651,2026-06-20 02:59:18.815241,6222.37,Utilities,Delhi,0,1
a9a0758e-f3a7-4d25-940e-35219a26755a,ACC00248,2026-06-20 13:26:35.815241,6197.24,Dining,Hyderabad,1,0
744d39e4-0294-49c2-b0cd-569bffa1e38f,ACC00276,2026-06-20 00:54:04.815241,6191.01,Electronics,Hyderabad,0,1
37b8eb48-f815-4e11-9043-820af39676f4,ACC01144,2026-06-20 17:54:31.815241,6170.62,Entertainment,Bangalore,0,0
2467b65d-3086-46db-a3e0-bffccb31a043,ACC00041,2026-06-20 00:01:06.815241,6153.39,Healthcare,Pune,0,1
43f7a752-7277-495b-9b19-10e02e8b04fc,ACC00232,2026-06-20 00:39:55.815241,6145.04,Travel,Mumbai,0,1
3eb00c34-7fad-44c8-a389-84afe2d560e8,ACC00232,2026-06-20 04:00:55.815241,6145.04,Online Retail,Mumbai,0,1
43b84e73-3cf3-4cbc-9c49-b69346f39072,ACC01128,2026-06-20 13:58:09.815241,6122.27,Grocery,Kolkata,0,0
2980f7b5-e86b-4300-bc20-0b625be3dc80,ACC01088,2026-06-20 08:22:55.815241,6093.63,ATM Withdrawal,Mumbai,0,0
400d3ee7-9f7a-4cea-90e3-2558eae5ca07,ACC00117,2026-06-20 18:16:26.815241,6069.14,Utilities,Pune,0,0
50f30807-982d-41ca-ab8b-bd4a0e277ff4,ACC00548,2026-06-20 14:16:23.815241,6058.26,Fuel,Bangalore,1,0
3b3e910f-c8c8-42c2-ac39-9343dea6383f,ACC00548,2026-06-20 09:24:24.815241,6058.26,Online Retail,Delhi,1,0
62b99055-1aff-45a1-a532-1fda0a1eb1d4,ACC01823,2026-06-20 04:14:18.815241,5877.76,Healthcare,Pune,0,1
20b704c7-e51f-49b3-bcb1-292474ddb372,ACC00460,2026-06-20 01:51:29.815241,5805.44,Online Retail,Delhi,0,1
9e52d549-1a1c-41eb-997f-66aba296a479,ACC00688,2026-06-20 04:49:05.815241,5778.27,Dining,Hyderabad,0,1
a076cd2e-3d18-43fc-8651-9c1eff0f5dfe,ACC01153,2026-06-20 03:39:24.815241,5739.05,ATM Withdrawal,Bangalore,0,1
b864a47b-a434-47fb-8182-978288eae7d4,ACC01850,2026-06-20 15:30:25.815241,5718.42,Utilities,Mumbai,1,0
2797b40d-e115-497b-877c-b8b780bac90a,ACC01850,2026-06-20 02:21:48.815241,5718.42,Utilities,Chennai,0,1
e3fe266b-a23b-4ed7-b0ad-f7ed4277171c,ACC01850,2026-06-20 15:21:36.815241,5718.42,Electronics,Bangalore,1,0
efe739dd-6260-4cbe-a8de-eb1c281ec259,ACC01709,2026-06-20 11:45:33.815241,5689.66,Utilities,Bangalore,0,0
0d00c96f-1f99-4e9c-8ea2-5b2d1f6c1bef,ACC01938,2026-06-20 00:02:42.815241,5687.61,Travel,Bangalore,0,1
1739c903-7e7c-4204-85cf-c79805dd09b6,ACC00718,2026-06-20 22:44:35.815241,5661.78,Travel,Delhi,1,0
2f289654-ef43-4f20-8f09-47c5d25d5ca7,ACC00718,2026-06-20 08:39:57.815241,5661.78,Grocery,Bangalore,1,0
ee127315-976a-4c82-a664-35d677e5ca82,ACC00718,2026-06-20 18:01:24.815241,5661.78,Entertainment,Pune,1,0
665b29a6-b133-4921-a025-5115b4b274a9,ACC01637,2026-06-20 20:13:29.815241,5638.09,Electronics,Hyderabad,1,0
ec1b55dd-e829-46cf-ba81-d86090b3032d,ACC01157,2026-06-20 07:24:12.815241,5631.07,Entertainment,Delhi,1,0
e68452b9-17c9-4208-9dcb-9a37d9cd3463,ACC00769,2026-06-20 04:57:30.815241,5606.77,Entertainment,Delhi,0,1
2483c444-a5d6-417c-ae15-b9df8716198d,ACC00928,2026-06-20 02:13:07.815241,5576.35,Dining,Chennai,0,1
e2f0a58c-525e-4af1-80aa-fc7a8612ae8a,ACC00641,2026-06-20 00:17:25.815241,5575.17,Healthcare,Pune,0,1
4a80554c-2777-4457-af55-b892efd73b29,ACC00606,2026-06-20 07:50:21.815241,5528.03,Online Retail,Delhi,1,0
cbf986f3-1f1e-4e96-bffc-3077dca73a20,ACC01814,2026-06-20 18:52:21.815241,5519.72,Travel,Pune,1,0
3d96ce1a-52b2-4455-a0d3-77ac621d6235,ACC00397,2026-06-20 12:06:19.815241,5484.11,Dining,Mumbai,1,0
2fae9530-4761-43a7-b76a-3cbb42aa5d18,ACC01922,2026-06-20 19:02:58.815241,5465.37,Online Retail,Delhi,1,0
6cf1f228-6508-4133-8925-9d6b32ee7a56,ACC00072,2026-06-20 01:49:04.815241,5430.32,Entertainment,Delhi,0,1
0a27b461-7c8f-4edd-950c-083b69cf2f98,ACC00374,2026-06-20 18:16:22.815241,5377.69,Healthcare,Delhi,1,0
833e7942-d778-4f4d-8a7a-bcd3a5587878,ACC01352,2026-06-20 04:57:17.815241,5370.55,Grocery,Pune,0,1
37aebb34-4392-4aeb-a09a-004a5b82035e,ACC01352,2026-06-20 10:36:59.815241,5370.55,Fuel,Delhi,1,0
5fbc8473-2136-41f4-8435-aa874d1be4b9,ACC01352,2026-06-20 04:44:02.815241,5370.55,Healthcare,Pune,0,1
1d69047d-d29c-4307-a3b5-4f0456a372ff,ACC01352,2026-06-20 03:03:57.815241,5370.55,Healthcare,Pune,0,1
90476877-2727-4498-836c-7a410cc46732,ACC00508,2026-06-20 04:21:25.815241,5320.25,Travel,Delhi,0,1
371a937a-6f3c-470d-8992-cf45844bbc08,ACC00640,2026-06-20 00:20:44.815241,5310.08,Fuel,Hyderabad,0,1
7b9ea9eb-aac4-463f-9610-ac0abfcf214e,ACC00968,2026-06-20 18:48:28.815241,5247.79,Online Retail,Delhi,1,0
00f901be-3a37-4645-a5df-8d4a4b1b9e7c,ACC01794,2026-06-20 22:38:40.815241,5204.95,Dining,Delhi,0,0
c2f0ad8b-71ab-40c4-a5d9-85a373b0d58f,ACC00009,2026-06-20 19:23:23.815241,5167.42,Healthcare,Bangalore,0,0
4d1c50ff-4f75-4cb0-bc37-9f0adf3e6bd7,ACC00249,2026-06-20 04:29:25.815241,5160.79,Grocery,Delhi,0,1
a955951d-d086-478e-a8ca-2c66100cf4b6,ACC00431,2026-06-20 03:22:15.815241,5145.79,Utilities,Pune,0,1
2762be9f-a3b0-49f4-8046-2b1635f0d2f0,ACC01672,2026-06-20 13:35:07.815241,5098.11,Grocery,Chennai,1,0
a0be1298-c3c7-4591-9b45-1ea397063a10,ACC00152,2026-06-20 17:28:45.815241,5079.71,ATM Withdrawal,Delhi,1,0
b255b709-502b-4dc0-89c6-589a71ca8099,ACC00152,2026-06-20 03:38:54.815241,5079.71,Electronics,Hyderabad,0,1
2002cc5a-d225-47f3-aaed-6c602491132d,ACC00919,2026-06-20 00:54:54.815241,5071.94,Entertainment,Hyderabad,0,1
c69fca09-ac6f-4c8e-8afb-9204198d9b79,ACC01920,2026-06-20 19:15:51.815241,4911.83,Fuel,Delhi,1,0
52a6a856-0a3b-44ab-a3c9-041f22652519,ACC01758,2026-06-20 01:52:10.815241,4904.23,ATM Withdrawal,Mumbai,0,1
44e24fa0-5f71-4b13-ab32-ae3b79938df7,ACC00194,2026-06-20 04:36:12.815241,4903.64,Utilities,Mumbai,0,1
ffeabdab-ec90-4c16-a3be-ef6aa682e50a,ACC01035,2026-06-20 00:24:03.815241,4886.48,Electronics,Delhi,0,1
18721d07-59c6-4513-bedf-54200bb24ae4,ACC00055,2026-06-20 01:06:36.815241,4884.02,Electronics,Delhi,0,1
ee64eced-8e52-41e7-8448-df7a79c4867c,ACC00100,2026-06-20 04:05:03.815241,4868.09,Dining,Pune,0,1
65cbb014-763c-4109-a83e-68ebb8235d5e,ACC00262,2026-06-20 00:47:46.815241,4843.27,ATM Withdrawal,Chennai,0,1
8731e258-791a-4b62-b24c-8983b4b0426b,ACC01105,2026-06-20 03:52:35.815241,4837.2,Entertainment,Hyderabad,0,1
b1ae9176-f6dc-49f6-884b-5f169a21aea8,ACC01571,2026-06-20 00:17:21.815241,4832.17,Travel,Chennai,0,1
4ce09ecb-cfa2-4fb8-8199-322e3ba58126,ACC01411,2026-06-20 02:54:11.815241,4733.7,Entertainment,Pune,0,1
93d94562-38d6-4760-8951-c5819106fd8b,ACC01774,2026-06-20 09:34:48.815241,4680.39,Travel,Delhi,1,0
87d8787d-bb09-4f76-8845-689fcc0d791c,ACC00465,2026-06-20 08:52:14.815241,4648.78,ATM Withdrawal,Delhi,1,0
c4af9dc9-416c-4562-aec3-641124df6dcc,ACC00880,2026-06-20 20:25:58.815241,4632.45,Healthcare,Pune,1,0
d386f4db-d49f-4ff6-a8dd-ad897cc8e4c8,ACC01104,2026-06-20 01:39:35.815241,4569.48,Utilities,Hyderabad,0,1
99dce819-1841-4873-a34d-6e09f0ffd6b0,ACC01383,2026-06-20 00:51:10.815241,4561.36,Electronics,Chennai,0,1
8571c197-b658-423f-bbc2-d8c4dbd0aaed,ACC01383,2026-06-20 09:52:54.815241,4561.36,ATM Withdrawal,Delhi,1,0
f66a015b-6063-4b32-bbd6-b0b5a5278097,ACC01299,2026-06-20 17:29:11.815241,4531.11,Dining,Mumbai,1,0
7aededf4-6f30-4743-820e-2e6abcc8509b,ACC01443,2026-06-20 12:14:03.815241,4529.18,ATM Withdrawal,Mumbai,1,0
765ce9a8-a48f-4312-8038-59c9610aa8ca,ACC00937,2026-06-20 02:55:30.815241,4506.74,Dining,Pune,0,1
94deff78-ccaf-419b-b8e2-74d8f250f86c,ACC01341,2026-06-20 04:44:30.815241,4475.58,Fuel,Bangalore,0,1
d0721088-2ff3-4a6b-9352-728871445c44,ACC00020,2026-06-20 09:30:34.815241,4455.09,Grocery,Hyderabad,1,0
9e3208ec-e2c3-453d-92af-dd8607f1d9bf,ACC00739,2026-06-20 18:43:14.815241,4441.5,Online Retail,Hyderabad,1,0
cf74fb33-307e-4771-904a-021e059251d4,ACC01179,2026-06-20 03:51:56.815241,4347.97,Dining,Delhi,0,1
1cdc849a-8b46-4e99-ada2-9e52707d5478,ACC01179,2026-06-20 03:05:59.815241,4347.97,Entertainment,Delhi,0,1
2b55a96c-5d46-465d-ba6f-e9d835f5ef4e,ACC01295,2026-06-20 14:33:49.815241,4332.11,Healthcare,Hyderabad,1,0
1ee93260-3002-4831-b227-e8d89c60c81b,ACC01638,2026-06-20 17:40:23.815241,4327.84,Grocery,Bangalore,1,0
290a407f-1a79-4525-9aa4-86776e5bd3de,ACC00666,2026-06-20 01:47:47.815241,4276.46,Dining,Delhi,0,1
bddb7249-45cb-4ff7-a63e-04381486a406,ACC00346,2026-06-20 15:14:56.815241,4271.08,Healthcare,Chennai,1,0
4d79189d-92ee-4450-ba6f-ea4c5e5dbba6,ACC01073,2026-06-20 21:03:12.815241,4246.01,Travel,Kolkata,1,0
dc108dbb-feec-4b47-ac86-8c19832f2f67,ACC01237,2026-06-20 02:43:56.815241,4235.77,Entertainment,Kolkata,0,1
021081cd-4622-4884-bd5c-8bcd6aa19b75,ACC00965,2026-06-20 00:06:25.815241,4220.97,Dining,Hyderabad,0,1
1557c23a-0e8a-4dd9-be13-56bdaa2badbf,ACC00965,2026-06-20 02:00:29.815241,4220.97,Fuel,Hyderabad,0,1
fd888cd5-0f1e-4ca3-8409-fb7b890cce58,ACC00355,2026-06-20 04:05:02.815241,4185.26,ATM Withdrawal,Bangalore,0,1
1901c43b-3eb0-46ae-b2d6-28b4d921a628,ACC00792,2026-06-20 00:54:59.815241,4166.69,Electronics,Kolkata,0,1
f97f12be-d386-4828-b23b-414315149529,ACC01248,2026-06-20 01:35:49.815241,4078.48,ATM Withdrawal,Delhi,0,1
8d2890fc-e32b-4074-87fa-4858377bae52,ACC01453,2026-06-20 01:07:44.815241,3985.81,Travel,Hyderabad,0,1
d48c84a6-5c8d-43b6-9966-34d01e79f474,ACC01282,2026-06-20 14:08:50.815241,3982.98,Online Retail,Pune,1,0
df31e13c-d32f-441d-a31a-e388466e8bc5,ACC00538,2026-06-20 08:01:44.815241,3982.32,Utilities,Hyderabad,1,0
66f0c1f5-28ca-4d6f-b44a-7cf510ca8162,ACC01125,2026-06-20 02:40:29.815241,3943.4,Utilities,Mumbai,0,1
e60d7a94-b483-4162-b043-a39a4f1a84cb,ACC00578,2026-06-20 07:05:49.815241,3942.75,Utilities,Hyderabad,1,0
b7f1df10-b51a-466a-bf42-10c83a8eaa54,ACC01494,2026-06-20 01:47:38.815241,3883.49,Dining,Bangalore,0,1
9002e0d3-d853-4f6e-87ed-f53f7b8629f6,ACC00523,2026-06-20 03:12:29.815241,3871.62,Utilities,Pune,0,1
ee38a9e9-f377-471a-a8e6-a63b4fc34028,ACC01405,2026-06-20 01:55:39.815241,3868.91,Electronics,Delhi,0,1
095863f4-e640-4c25-9663-d6d508842230,ACC00749,2026-06-20 04:52:37.815241,3851.01,Entertainment,Chennai,0,1
e487d6b7-3ea0-45a6-8557-0f500928a253,ACC00847,2026-06-20 00:50:36.815241,3831.92,Utilities,Pune,0,1
d50d51b5-f76b-480a-ac36-4dd51f347d31,ACC00507,2026-06-20 03:53:14.815241,3827.1,Entertainment,Bangalore,0,1
6043959d-6daf-44dd-8b7a-def1573fbf0d,ACC01218,2026-06-20 04:41:48.815241,3821.7,ATM Withdrawal,Kolkata,0,1
fd46e78e-79fc-49b4-90cf-9dc217d3862d,ACC01715,2026-06-20 15:43:17.815241,3808.84,Travel,Pune,1,0
468ebdf8-dd25-4141-b03d-01eb336fc177,ACC01715,2026-06-20 03:59:36.815241,3808.84,Utilities,Bangalore,0,1
78e00f78-2cda-40b2-bd43-c4fedfe91357,ACC01525,2026-06-20 10:18:48.815241,3744.07,Utilities,Pune,1,0
c7d01308-bcd6-4af0-8360-f9a43e81537c,ACC01397,2026-06-20 19:59:53.815241,3716.58,ATM Withdrawal,Chennai,1,0
421becca-0f60-40f3-bef7-24105528dc45,ACC01181,2026-06-20 02:12:40.815241,3716.21,ATM Withdrawal,Hyderabad,0,1
453b45fe-636c-4499-9254-aad3809cd839,ACC01094,2026-06-20 22:44:25.815241,3651.02,ATM Withdrawal,Chennai,1,0
d902f447-3265-47ad-898f-52211560bfd2,ACC01759,2026-06-20 22:10:38.815241,3637.35,Utilities,Chennai,1,0
48cff1da-7bbc-4b5d-874f-92058f9d7375,ACC00987,2026-06-20 15:09:41.815241,3626.35,Grocery,Delhi,1,0
d50d12c2-4ca3-4955-97b0-22c72f5a756e,ACC00510,2026-06-20 02:33:18.815241,3616.61,ATM Withdrawal,Mumbai,0,1
dd50f7e7-d8fd-4386-8748-3ec122d1b5fa,ACC00510,2026-06-20 18:19:28.815241,3616.61,Online Retail,Delhi,1,0
bf1abfb6-8acc-486a-bb98-55cee5c6d198,ACC01507,2026-06-20 07:35:52.815241,3598.29,Dining,Kolkata,1,0
f74762d9-3a3c-4be1-adcd-0d096a8ea652,ACC00482,2026-06-20 15:02:46.815241,3580.02,Online Retail,Mumbai,1,0
c916aa51-9e11-43a4-a40b-97c859e0f7a2,ACC00482,2026-06-20 20:37:21.815241,3580.02,Utilities,Chennai,1,0
0d08367e-f3d5-4737-9a71-504b8380d397,ACC00393,2026-06-20 09:46:24.815241,3572.46,ATM Withdrawal,Hyderabad,1,0
52b5404b-13cf-4b2c-887d-8e154a01d77e,ACC01081,2026-06-20 03:10:09.815241,3519.45,ATM Withdrawal,Chennai,0,1
0e5d6328-4c32-4e2d-aa3e-e1e1ba2530b4,ACC00783,2026-06-20 13:32:44.815241,3500.71,Online Retail,Kolkata,1,0
2bc2bdd4-d736-490c-a8ae-5c671598203e,ACC00783,2026-06-20 16:35:18.815241,3500.71,ATM Withdrawal,Pune,1,0
d563bf66-dff0-47bb-a217-ac2e955395ed,ACC00449,2026-06-20 11:28:58.815241,3498.79,Dining,Kolkata,1,0
656baaa0-6fa8-4036-afe3-3026b203cf2f,ACC00449,2026-06-20 00:29:50.815241,3498.79,Entertainment,Bangalore,0,1
876e4f34-19f1-433c-b5bc-54439e7dea15,ACC00797,2026-06-20 08:22:34.815241,3490.82,ATM Withdrawal,Chennai,1,0
a0192ac7-8067-4190-9714-5595c3c263f1,ACC01775,2026-06-20 00:25:07.815241,3479.55,Fuel,Kolkata,0,1
fe06ba7d-1693-4dc7-a27d-114a05e54cf0,ACC01294,2026-06-20 03:55:53.815241,3451.32,Electronics,Chennai,0,1
4c4d6e40-24e2-426c-a250-d133f5cb5be4,ACC01885,2026-06-20 14:43:53.815241,3442.87,Utilities,Bangalore,1,0
1a25b90f-3b68-468f-b7c1-c48050ea25b4,ACC01415,2026-06-20 10:09:07.815241,3435.64,ATM Withdrawal,Hyderabad,1,0
94eeda02-f9aa-4d6d-b2e9-d9393fbce063,ACC01036,2026-06-20 17:42:32.815241,3421.86,ATM Withdrawal,Hyderabad,1,0
996e782f-9aee-43e9-aea3-98c6ec677b25,ACC01223,2026-06-20 11:48:12.815241,3418.74,Online Retail,Pune,1,0
26d77ee3-33c3-40e6-a815-f1dac4bbfec7,ACC01055,2026-06-20 17:02:45.815241,3414.39,Travel,Mumbai,1,0
5954d3d2-288a-4503-ae41-3b92cbf829fb,ACC01404,2026-06-20 00:49:07.815241,3404.94,Utilities,Bangalore,0,1
a2e13d75-b2e2-43cc-b873-335fca3f48a4,ACC01280,2026-06-20 18:50:47.815241,3400.91,Travel,Delhi,1,0
050d22da-16b0-4926-8b52-4ec668ad8f1e,ACC01589,2026-06-20 10:57:14.815241,3377.68,Grocery,Chennai,1,0
7caf01ea-5f56-4d53-97e1-70cc420bc80b,ACC00213,2026-06-20 07:55:05.815241,3361.39,Online Retail,Delhi,1,0
da204e06-309c-49fb-8c29-3cfa15029eca,ACC00829,2026-06-20 09:27:52.815241,3344.81,Grocery,Chennai,1,0
9933a462-c058-4c0f-9555-c133c7b30b41,ACC00766,2026-06-20 04:24:05.815241,3338.07,Dining,Hyderabad,0,1
a6e363da-1070-42a1-b1a9-9e71fd64e00c,ACC00480,2026-06-20 02:28:05.815241,3316.06,Entertainment,Bangalore,0,1
680099bc-9cf5-4e16-84aa-1ea739595bb2,ACC01645,2026-06-20 18:05:29.815241,3246.64,Dining,Mumbai,1,0
fc424352-6d98-4038-b174-429ccffa9e4d,ACC01111,2026-06-20 16:25:49.815241,3244.2,Travel,Bangalore,1,0
f85bc2d3-0119-4e6d-a7f3-1b7851f9cd77,ACC01962,2026-06-20 20:23:54.815241,3233.3,Travel,Mumbai,1,0
5705b90b-8ebc-4a52-95cc-f2e6c8ff7e66,ACC00629,2026-06-20 03:29:37.815241,3232.79,Dining,Bangalore,0,1
75757602-2d02-423f-ad25-32e51d0678b7,ACC00105,2026-06-20 00:03:45.815241,3220.54,Entertainment,Mumbai,0,1
57d3ec63-e3e1-43bb-ae8e-60755eebc618,ACC01824,2026-06-20 00:56:32.815241,3213.37,ATM Withdrawal,Bangalore,0,1
28d28f80-1b09-4758-b9a6-335a6d39a82e,ACC01992,2026-06-20 02:53:30.815241,3209.07,Electronics,Pune,0,1
0b61f8e9-f854-4b7f-945b-e26036cd10ca,ACC01399,2026-06-20 00:19:20.815241,3190.21,Travel,Delhi,0,1
6178f993-295b-456a-afe3-6b0dd50507d4,ACC00910,2026-06-20 07:03:42.815241,3124.31,Utilities,Bangalore,1,0
6da99f72-b7b3-4a0d-82dd-733931094e45,ACC00058,2026-06-20 11:32:04.815241,3118.4,Utilities,Delhi,1,0
62fe7a33-a435-42ff-b6d9-26c93fc95e42,ACC00352,2026-06-20 19:52:57.815241,3082.29,ATM Withdrawal,Bangalore,1,0
4252d29f-4a02-4f07-a7a5-b989dc510056,ACC01313,2026-06-20 02:01:06.815241,3040.8,Entertainment,Bangalore,0,1
58de039c-9902-4dbb-93ee-bc5b87573e7b,ACC01725,2026-06-20 04:40:35.815241,3019.28,Electronics,Pune,0,1
b3f194f2-6fd6-4579-86e0-548e394b98f2,ACC00008,2026-06-20 03:04:58.815241,2998.44,Utilities,Pune,0,1
00df41e3-d546-469a-8b0c-acfc6e7d30eb,ACC00214,2026-06-20 12:13:30.815241,2959.55,ATM Withdrawal,Pune,1,0
a9597976-bcb9-4e4d-a5f4-ed6b078ec39c,ACC01007,2026-06-20 21:42:35.815241,2936.0,Travel,Mumbai,1,0
57c54c37-8c48-42f7-9b03-add4bf3ab0da,ACC01446,2026-06-20 16:04:06.815241,2931.88,Travel,Bangalore,1,0
99966612-9ea8-4552-8475-66bf8f660bbd,ACC01130,2026-06-20 04:50:02.815241,2928.38,Electronics,Bangalore,0,1
b18753e6-d457-4ad9-a867-a096edd877c8,ACC00582,2026-06-20 13:23:00.815241,2903.17,Utilities,Kolkata,1,0
532bbb65-b4a6-447e-bccf-caf9d78f95c3,ACC00954,2026-06-20 03:48:30.815241,2864.13,ATM Withdrawal,Hyderabad,0,1
e0094827-9672-463f-8f0a-1d5b14570a44,ACC01914,2026-06-20 04:52:10.815241,2855.04,ATM Withdrawal,Bangalore,0,1
f8401d61-012f-4b33-acc7-030990e4e0f0,ACC00179,2026-06-20 03:03:18.815241,2734.16,Utilities,Kolkata,0,1
3b6f8945-144c-423d-8e41-1928a45bfd3b,ACC01006,2026-06-20 01:06:22.815241,2729.43,Electronics,Chennai,0,1
92ead94d-6a19-4a0b-ab95-2f4429656d2d,ACC01656,2026-06-20 01:12:38.815241,2685.21,Dining,Kolkata,0,1
e5642b96-9624-4a9d-9cea-0ac0d466f946,ACC00916,2026-06-20 08:55:00.815241,2633.72,ATM Withdrawal,Hyderabad,1,0
e6fe01cc-5553-431a-afd9-d09a8a74a19a,ACC00139,2026-06-20 00:23:37.815241,2589.29,Dining,Pune,0,1
8a352d9e-afaa-43e6-9a26-e8ccc4a3d61e,ACC01174,2026-06-20 04:05:20.815241,2580.08,Utilities,Chennai,0,1
bc18e664-dc08-4358-b99e-a50f9bc12edd,ACC01267,2026-06-20 17:56:12.815241,2566.72,Utilities,Delhi,1,0
7c30ff89-62fb-40be-bd58-4a3b32769cc0,ACC00736,2026-06-20 08:19:01.815241,2554.97,Travel,Hyderabad,1,0
d194a269-58b2-4981-96e3-d4b9b98a74f1,ACC00936,2026-06-20 03:51:18.815241,2455.98,Electronics,Pune,0,1
07522136-973e-4ea3-b369-fd73ed4c3f36,ACC00380,2026-06-20 22:31:15.815241,2437.11,Utilities,Mumbai,1,0
668b179f-7e11-43ab-91cf-c46bc037c059,ACC00380,2026-06-20 00:36:27.815241,2437.11,Entertainment,Hyderabad,0,1
061664a3-5b24-4a29-881b-c596891b3e6a,ACC01435,2026-06-20 00:08:10.815241,2398.54,Entertainment,Chennai,0,1
187666ec-26df-4b57-ab41-eac79ad8e1cc,ACC00256,2026-06-20 04:30:38.815241,2393.97,Entertainment,Kolkata,0,1
abe01cb5-ac3d-4183-9037-f483637f6f55,ACC01619,2026-06-20 01:04:06.815241,2377.75,Dining,Pune,0,1
484db12a-0b78-4218-905a-ad0b83315ec6,ACC01364,2026-06-20 03:17:42.815241,2372.15,ATM Withdrawal,Mumbai,0,1
a9ba5a27-907b-4e36-9786-48f864de82e6,ACC00624,2026-06-20 21:03:39.815241,2363.89,ATM Withdrawal,Delhi,1,0
0f68fe5e-b9c7-4a24-a5ed-6fcd06910fc0,ACC01560,2026-06-20 04:39:29.815241,2347.14,Entertainment,Delhi,0,1
7426a754-54cf-4750-a2ba-ad72888e552c,ACC01712,2026-06-20 07:18:13.815241,2321.51,Utilities,Chennai,1,0
3dd46450-3901-47f2-b17c-3394f3d38d47,ACC00233,2026-06-20 04:28:01.815241,2284.69,Dining,Hyderabad,0,1
aa731dae-20b0-4741-b459-c1d045ad299f,ACC00855,2026-06-20 21:15:45.815241,2271.57,Utilities,Pune,1,0
f54d4b5c-3b8c-4c98-b949-e5a07f791df5,ACC00694,2026-06-20 14:45:11.815241,2226.0,Online Retail,Pune,1,0
5a95a1e1-bb43-4b8f-89bb-bf04ee5c75ee,ACC01846,2026-06-20 00:52:40.815241,2222.48,Utilities,Bangalore,0,1
8adc848b-6a8d-4b40-8661-a5a9ec9bf03f,ACC01355,2026-06-20 04:45:38.815241,2177.34,Utilities,Mumbai,0,1
dd978bf4-b163-4272-b893-ec6b95745b9f,ACC00415,2026-06-20 02:24:41.815241,2160.37,ATM Withdrawal,Bangalore,0,1
85b56b35-050c-47c7-8e60-cb6742fe3279,ACC01540,2026-06-20 20:50:55.815241,2122.17,ATM Withdrawal,Pune,1,0
36d0340e-8715-4751-9a98-a51aeeccb80a,ACC01886,2026-06-20 04:59:13.815241,2093.45,Utilities,Hyderabad,0,1
e2ea5f1d-53d7-4f8f-bb6b-6873c8a18cc6,ACC01886,2026-06-20 00:48:11.815241,2093.45,Electronics,Hyderabad,0,1
aa2e97ac-395c-4fab-91e7-1b500f6a9d0b,ACC00858,2026-06-20 04:42:18.815241,2086.56,ATM Withdrawal,Chennai,0,1
0a4e6244-3ead-4eb7-9b4e-f51b8ce6f491,ACC01586,2026-06-20 04:34:25.815241,2079.63,ATM Withdrawal,Chennai,0,1
dffe5691-cd41-4e43-81d8-f990ce1c4c84,ACC01804,2026-06-20 01:16:22.815241,2066.67,ATM Withdrawal,Kolkata,0,1
7ec391ef-44ad-4484-b112-3048e128b9a8,ACC01545,2026-06-20 03:48:47.815241,2060.9,Utilities,Chennai,0,1
f262e145-2731-460c-a149-ee42642d03af,ACC00591,2026-06-20 07:21:07.815241,2033.98,Travel,Mumbai,1,0
9b0dfaab-049f-42c7-b1a7-d537b0ec7074,ACC00370,2026-06-20 03:55:48.815241,2030.24,Utilities,Chennai,0,1
2bcaf37d-7d38-40b0-a6dc-16ce99fa55bf,ACC01737,2026-06-20 19:12:06.815241,2016.71,Utilities,Pune,1,0
6a63c6a9-3b6d-4b6e-8668-bd6b624307a2,ACC00344,2026-06-20 04:00:48.815241,2012.96,Electronics,Chennai,0,1
3ef73ce9-29c9-4e6d-8ed1-2e85cc039c5a,ACC00570,2026-06-20 02:17:09.815241,1994.2,Utilities,Pune,0,1
3b711723-dff7-4df4-8647-7f744c54e2e3,ACC00473,2026-06-20 01:06:04.815241,1993.06,Electronics,Kolkata,0,1
2c154804-0997-49a3-b919-955c9be4f19f,ACC01723,2026-06-20 07:43:58.815241,1990.81,Utilities,Delhi,1,0
92c5b572-0bfe-4ea8-9216-4f48b83203c6,ACC01723,2026-06-20 00:29:33.815241,1990.81,Utilities,Pune,0,1
aca83361-e722-4c58-81b8-100070f2d3a2,ACC01429,2026-06-20 01:10:19.815241,1963.42,Dining,Mumbai,0,1
e3c4c3f4-8dda-46c5-b5fc-17590a73ee99,ACC00027,2026-06-20 04:26:56.815241,1961.07,Dining,Pune,0,1
6dedabb1-262b-479e-8605-7a6059bc3b00,ACC01047,2026-06-20 20:06:12.815241,1949.68,ATM Withdrawal,Bangalore,1,0
ef8825ad-092d-4699-a729-ef02d0e2d0d7,ACC00459,2026-06-20 02:36:05.815241,1947.81,Electronics,Delhi,0,1
96fb7cac-e0f7-4dbc-874a-188fbb803cc5,ACC00459,2026-06-20 00:09:33.815241,1947.81,Utilities,Delhi,0,1
9fc1cc6e-4c85-480d-8b16-4140da41c45c,ACC00399,2026-06-20 04:27:54.815241,1947.2,Entertainment,Hyderabad,0,1
877bf984-fb8b-41ce-979b-37007adefe91,ACC00222,2026-06-20 13:59:10.815241,1933.66,ATM Withdrawal,Delhi,0,0
32239f5d-2dec-4b01-bb81-33fb0b928003,ACC01288,2026-06-20 08:48:49.815241,1929.02,Travel,Chennai,1,0
fa4f169a-9de9-494d-b71d-2e0faf09c66e,ACC00795,2026-06-20 18:36:56.815241,1925.75,Utilities,Kolkata,1,0
064257f3-4122-4180-9fab-d938ec4e5f0c,ACC01689,2026-06-20 13:09:17.815241,1903.74,Travel,Chennai,1,0
2dcedef0-27be-4417-bc97-b3bbca425e86,ACC00752,2026-06-20 01:19:59.815241,1902.4,ATM Withdrawal,Kolkata,0,1
88433a38-46d2-4109-895c-7ac8314aabdd,ACC00752,2026-06-20 00:39:18.815241,1902.4,ATM Withdrawal,Kolkata,0,1
b68fe6e7-6d60-4cd2-a40c-ab8dd068864a,ACC00930,2026-06-20 01:13:14.815241,1876.56,Utilities,Delhi,0,1
90855181-fecf-4b80-983d-37208156ddfc,ACC01729,2026-06-20 04:36:52.815241,1868.8,Utilities,Pune,0,1
0b1f7526-a690-43d0-9850-147b62b97bbf,ACC00396,2026-06-20 20:40:10.815241,1864.12,Utilities,Hyderabad,1,0
51c3d56f-326f-4d4d-8c35-b61a8bfde4d6,ACC01924,2026-06-20 22:14:43.815241,1863.57,Utilities,Chennai,1,0
30c6ca05-62ba-4d67-a400-4f919cc893f9,ACC00802,2026-06-20 22:11:21.815241,1857.78,ATM Withdrawal,Hyderabad,1,0
a517c74a-adcd-42c8-9b8c-6e030e41a2cc,ACC00395,2026-06-20 00:15:08.815241,1842.14,Electronics,Bangalore,0,1
6dd28577-83bf-455c-8349-cfa2abcfe1cb,ACC01695,2026-06-20 21:17:41.815241,1809.38,Utilities,Kolkata,1,0
7a385902-ea4b-435f-be39-c3e178832718,ACC01888,2026-06-20 07:28:19.815241,1797.86,Utilities,Hyderabad,1,0
8474dcb7-dad8-4801-80fa-b01a6e3a6262,ACC01046,2026-06-20 03:17:59.815241,1785.86,ATM Withdrawal,Mumbai,0,1
3f5fbf4f-d417-4230-9274-ee11b61df906,ACC00771,2026-06-20 04:03:09.815241,1736.09,Utilities,Chennai,0,1
e6b20369-de8b-4f02-8cc4-e7267877365f,ACC00555,2026-06-20 04:32:53.815241,1731.69,Utilities,Kolkata,0,1
6451ba4c-0a4f-418d-892c-b3cb867e6429,ACC01531,2026-06-20 08:42:55.815241,1723.4,Travel,Chennai,1,0
7b46a053-ac88-476b-9c07-627c582e69f7,ACC01623,2026-06-20 00:32:27.815241,1717.54,Entertainment,Bangalore,0,1
0764a7ec-2e48-4c6d-a2cb-e41fae268dae,ACC00147,2026-06-20 02:03:53.815241,1688.45,Utilities,Hyderabad,0,1
f4e2f368-147a-4525-b84e-984570089e88,ACC01360,2026-06-20 09:29:55.815241,1647.01,ATM Withdrawal,Chennai,1,0
7c9a4bfe-a03e-414a-ba06-9e307f41f85f,ACC00468,2026-06-20 01:11:01.815241,1626.11,Electronics,Kolkata,0,1
1dc7deab-b07b-44ed-a67b-6ad334be5f01,ACC00402,2026-06-20 00:57:03.815241,1618.22,ATM Withdrawal,Mumbai,0,1
1c05a85b-ca8d-4149-8a29-d1fbee88891c,ACC00392,2026-06-20 08:09:40.815241,1615.62,ATM Withdrawal,Mumbai,1,0
b462a90d-95c4-441f-b372-2a0e17731601,ACC00263,2026-06-20 04:49:47.815241,1607.33,Utilities,Pune,0,1
46a3cc71-ff2f-4883-963b-5481284e4cd4,ACC00263,2026-06-20 03:55:20.815241,1607.33,Electronics,Pune,0,1
7b21022e-2c4f-4775-abd3-4dccb8aeca6a,ACC01292,2026-06-20 01:53:06.815241,1567.21,ATM Withdrawal,Chennai,0,1
3a17cb5e-205e-4d2c-9a09-d3bbf865ceba,ACC00529,2026-06-20 02:17:43.815241,1566.34,Utilities,Hyderabad,0,1
6b1c4cbf-5044-472f-b7c6-d5757b01cb5b,ACC00701,2026-06-20 01:15:47.815241,1534.29,Electronics,Pune,0,1
a7b16a59-8f23-4f24-81c6-a550bbdcb66d,ACC01686,2026-06-20 12:22:25.815241,1527.51,ATM Withdrawal,Delhi,1,0
e60584a2-08f5-48e7-853b-cc3a4c26fd27,ACC01090,2026-06-20 02:21:15.815241,1514.82,Dining,Bangalore,0,1
14fe1200-93f2-4a4d-a14b-230e9f918e64,ACC01276,2026-06-20 04:58:35.815241,1512.26,Entertainment,Delhi,0,1
dce36cb8-7688-4ea9-a726-d089f5351e2b,ACC00483,2026-06-20 02:47:41.815241,1457.22,Entertainment,Hyderabad,0,1
5f2acb16-8384-407b-bd11-71490a37409c,ACC00798,2026-06-20 10:28:18.815241,1449.42,Travel,Kolkata,1,0
eff1cdb5-1e52-4eab-a49e-ebd9594fc489,ACC00583,2026-06-20 02:11:03.815241,1438.81,Electronics,Mumbai,0,1
0a4923f5-ef35-484f-b0a2-2c77390f45b7,ACC00140,2026-06-20 04:11:11.815241,1438.57,Entertainment,Chennai,0,1
77b42cd6-5fc4-47a2-a611-49c9e0232429,ACC00148,2026-06-20 15:12:40.815241,1436.25,Utilities,Mumbai,1,0
4e5af0f9-57f9-4a7f-bcfe-64a3e367ad77,ACC01475,2026-06-20 01:00:53.815241,1430.23,Utilities,Hyderabad,0,1
84899a2e-d555-4104-955c-ad383969f3f8,ACC01475,2026-06-20 04:33:48.815241,1430.23,Utilities,Hyderabad,0,1
e888f3bf-40fe-41e9-b6df-0676559f4e1d,ACC00684,2026-06-20 04:59:29.815241,1423.48,Electronics,Delhi,0,1
6815dc2e-f678-497e-a42e-fec9ec63787a,ACC00092,2026-06-20 10:36:01.815241,1400.82,Online Retail,Kolkata,1,0
66f51f1d-add3-478c-a2c3-fd05c3f12d51,ACC00554,2026-06-20 04:44:41.815241,1399.47,Entertainment,Mumbai,0,1
e50f8b4f-add0-436a-8752-3623d6a0c6a3,ACC00056,2026-06-20 20:02:01.815241,1372.03,Travel,Pune,1,0
53e84245-8ac6-479f-a139-e08be56f88b7,ACC01691,2026-06-20 00:41:21.815241,1362.46,Electronics,Pune,0,1
007fb3cb-cf73-4afa-b2af-6a55b08e8dd4,ACC00204,2026-06-20 03:08:54.815241,1350.86,Electronics,Bangalore,0,1
3f6c9df5-394d-42c9-8b57-5c1124ced0a1,ACC00996,2026-06-20 04:24:22.815241,1320.23,Dining,Pune,0,1
d66a164b-4455-4ac1-8e3d-93920bf76e13,ACC01008,2026-06-20 00:41:26.815241,1308.25,Entertainment,Pune,0,1
622575e2-8ce7-4a85-97e1-a96adb186d6e,ACC00356,2026-06-20 03:14:06.815241,1260.42,Electronics,Kolkata,0,1
2dc4ce26-a7f7-4b48-bdcd-d13b94e49687,ACC01472,2026-06-20 11:51:10.815241,1214.78,Utilities,Kolkata,0,0
81d2c7de-4ce1-4b90-a669-7833b841d0a0,ACC00803,2026-06-20 03:48:17.815241,1201.58,Utilities,Delhi,0,1
285c81b3-2e3d-46f6-868e-578a4bc4befe,ACC00803,2026-06-20 02:04:37.815241,1201.58,Utilities,Delhi,0,1
c9106a2b-c9f8-48ab-93da-839ca1ab69b0,ACC00036,2026-06-20 02:29:16.815241,1201.57,ATM Withdrawal,Kolkata,0,1
2f981e44-ca78-4f58-adec-4b0d529b3b96,ACC01816,2026-06-20 20:48:20.815241,1175.05,Dining,Hyderabad,1,0
9af20d53-a5f9-4430-8147-a2026b93cfe0,ACC00120,2026-06-20 03:16:28.815241,1149.31,Utilities,Kolkata,0,1
15534ea0-8006-4969-b243-5fb4ac7edd94,ACC01169,2026-06-20 18:05:37.815241,1128.45,ATM Withdrawal,Bangalore,1,0
71209d02-0db2-4c49-822c-3d6b308e03a6,ACC00347,2026-06-20 20:08:01.815241,1105.68,Online Retail,Mumbai,1,0
630915e1-8bf6-488b-92dd-332d0f0cd977,ACC01639,2026-06-20 00:20:40.815241,1075.88,Electronics,Mumbai,0,1
2dc22505-222d-4b49-93ee-66bab29cb58e,ACC01772,2026-06-20 15:58:55.815241,1072.13,Utilities,Pune,1,0
20760a70-d2e4-4815-9125-31748814f3aa,ACC01246,2026-06-20 13:14:57.815241,1070.35,Utilities,Kolkata,1,0
9631e292-bc57-46ae-88f4-815003aa8309,ACC00280,2026-06-20 00:13:51.815241,1068.59,ATM Withdrawal,Bangalore,0,1
33d79079-ab4c-4829-8340-5bc1a20bf4f6,ACC01834,2026-06-20 12:56:48.815241,1004.83,Utilities,Delhi,1,0
f93adb04-4d24-4ef6-be50-e2da7bbe4efe,ACC01849,2026-06-20 13:33:11.815241,992.63,Utilities,Hyderabad,1,0
bf9cd75c-0637-46dd-9729-0c024af53dfe,ACC01467,2026-06-20 03:57:07.815241,986.21,Electronics,Kolkata,0,1
d932aa35-d9d4-4292-9e6f-99698f62dd02,ACC00289,2026-06-20 15:19:21.815241,981.3,ATM Withdrawal,Bangalore,1,0
af70988f-8609-41e5-950e-9c54aaf34721,ACC00633,2026-06-20 15:31:13.815241,978.54,ATM Withdrawal,Hyderabad,1,0
5e57ffca-b8a3-4361-b8ef-7c340ed9718e,ACC01951,2026-06-20 09:31:28.815241,966.77,Utilities,Pune,1,0
f82dac3a-3bb7-4859-8d2a-915b0b56ec02,ACC01951,2026-06-20 11:32:09.815241,966.77,Dining,Bangalore,1,0
1d04d8e4-0969-41ed-a078-76b4a676de14,ACC00973,2026-06-20 00:57:59.815241,964.33,Fuel,Hyderabad,0,1
fb719d04-61e7-4ed9-bf8a-e3f5b1dcbffc,ACC01644,2026-06-20 10:52:25.815241,961.39,Travel,Pune,1,0
837410bf-80d1-4b77-bacd-237b9e46fcb1,ACC01979,2026-06-20 09:56:27.815241,951.51,Utilities,Mumbai,1,0
9a9f11aa-d3a6-47ae-a6ba-a90e720d1eda,ACC01979,2026-06-20 02:02:22.815241,951.51,Travel,Bangalore,0,1
453dc56c-d9c2-4ee7-97fb-d9bd5fa03efc,ACC00895,2026-06-20 04:20:57.815241,945.52,ATM Withdrawal,Kolkata,0,1
fabf8aef-608d-4b54-9913-0b900286675d,ACC00452,2026-06-20 00:59:48.815241,936.52,Utilities,Mumbai,0,1
841ddfbc-6fe2-438a-9117-59e7c9f258b1,ACC01642,2026-06-20 02:24:41.815241,911.35,Entertainment,Delhi,0,1
b3cfa62e-d77b-491f-8f03-ba18aa6f4fc9,ACC01432,2026-06-20 04:58:16.815241,905.75,ATM Withdrawal,Mumbai,0,1
0f3b5f06-6de2-4a01-912d-bd50902ead79,ACC01029,2026-06-20 13:49:26.815241,874.86,Travel,Chennai,1,0
18a6085b-4ca6-4ff9-9dde-2f6272ae6632,ACC01029,2026-06-20 20:22:17.815241,874.86,Online Retail,Pune,1,0
9089bcfd-9145-4617-b9c1-f1b288c79c98,ACC01635,2026-06-20 13:40:45.815241,871.05,ATM Withdrawal,Delhi,1,0
e2ee3c76-1e7d-438a-9d05-8057a4245d9f,ACC01750,2026-06-20 00:49:38.815241,864.67,Electronics,Pune,0,1
16a3baaa-7263-494e-b569-a8375ea07e79,ACC01750,2026-06-20 03:23:32.815241,864.67,Entertainment,Pune,0,1
b5c1f027-3563-459e-9c78-bade8ec7dccb,ACC01911,2026-06-20 20:50:48.815241,848.27,Utilities,Hyderabad,1,0
d5b21bf1-c66a-47d0-a6cb-674e43a71e40,ACC01911,2026-06-20 19:10:09.815241,848.27,Online Retail,Kolkata,1,0
fd650ec7-959e-49db-8fa9-958c04514370,ACC01949,2026-06-20 13:29:28.815241,846.18,Dining,Delhi,1,0
785f7ff0-eef6-45b4-a021-ccc71d49a453,ACC01949,2026-06-20 02:41:48.815241,846.18,Utilities,Chennai,0,1
cb720f38-4aa8-4839-8cc5-a9ec3511df3d,ACC00945,2026-06-20 03:33:01.815241,841.33,Electronics,Bangalore,0,1
feb88192-1599-4d5a-be4a-deac3a39d050,ACC01037,2026-06-20 04:06:27.815241,827.73,Dining,Delhi,0,1
3650bd70-dcd3-476f-b956-6917ce140830,ACC01066,2026-06-20 17:58:22.815241,827.47,Grocery,Chennai,1,0
b19158b4-d4db-4051-ab94-e8fa64f8a4b1,ACC00825,2026-06-20 04:29:02.815241,799.64,ATM Withdrawal,Kolkata,0,1
387f8b7d-45fd-4569-aea0-9d4d93859be5,ACC00401,2026-06-20 13:51:25.815241,775.6,Travel,Bangalore,1,0
65270cce-378f-4d8f-862c-47f72165ce36,ACC01908,2026-06-20 10:20:28.815241,772.03,Utilities,Kolkata,1,0
c04114e1-dc82-440b-a7be-643240ce7b1a,ACC01891,2026-06-20 02:17:11.815241,739.34,Utilities,Chennai,0,1
dfbc10c4-7730-41fd-99c0-7821a109ef2f,ACC01128,2026-06-20 17:18:40.815241,725.5,Online Retail,Chennai,1,0
6bccf875-9b66-4371-9593-efa6b7504d58,ACC01128,2026-06-20 15:54:46.815241,725.5,Online Retail,Chennai,1,0
d38074f5-ce89-487b-84e7-ead760c0fd42,ACC00997,2026-06-20 13:27:00.815241,716.04,ATM Withdrawal,Pune,1,0
00b82f14-184e-4698-8e13-208a3c240426,ACC01252,2026-06-20 18:05:11.815241,707.41,Utilities,Kolkata,1,0
f7eb0070-e14c-4307-90c0-0b6fde9cdd09,ACC01845,2026-06-20 12:03:52.815241,678.19,ATM Withdrawal,Mumbai,1,0
4b4dd19c-8f7c-4c8e-b8d9-b60a70e84a92,ACC00254,2026-06-20 13:32:20.815241,666.67,Utilities,Chennai,1,0
b7bb502a-f01e-4d40-be6b-ca04060a8789,ACC00292,2026-06-20 00:08:17.815241,651.96,Entertainment,Mumbai,0,1
415389fe-e92c-48cd-b2c5-16f4be6713cf,ACC00386,2026-06-20 01:25:14.815241,644.92,Fuel,Delhi,0,1
9f2d13fd-b2ee-4a54-8ea0-b10f177ffb9e,ACC00714,2026-06-20 04:27:12.815241,640.06,Utilities,Mumbai,0,1
38b87bf0-3a12-406b-99b2-38acad0ad029,ACC00334,2026-06-20 16:49:39.815241,590.73,Healthcare,Bangalore,1,0
ef535d3b-958c-4058-810d-f3f37d0384a2,ACC01989,2026-06-20 14:23:55.815241,590.1,Online Retail,Chennai,1,0
71b7a9b3-5b01-4c96-ac80-ced30b8dd20e,ACC00371,2026-06-20 11:44:28.815241,572.74,Travel,Chennai,1,0
7040d5c7-27be-4dc3-9a86-7f8954f38394,ACC00117,2026-06-20 13:42:28.815241,564.3,Utilities,Hyderabad,1,0
d98bd422-19a1-4dc1-a4a8-c8d427c34831,ACC00706,2026-06-20 02:25:30.815241,535.34,Dining,Hyderabad,0,1
7f98638d-7fed-4e8a-81b1-a6056dbf8a01,ACC01818,2026-06-20 00:10:04.815241,531.47,Entertainment,Mumbai,0,1
45739b0e-5e76-4442-b820-9f5684a0c563,ACC01250,2026-06-20 00:58:10.815241,529.58,Entertainment,Chennai,0,1
8795e5a0-e03f-4891-b83c-9827c4e8d6c4,ACC01192,2026-06-20 22:57:45.815241,504.75,Utilities,Chennai,1,0
f4e21338-a3cb-42a7-ad92-091844dc20b2,ACC00086,2026-06-20 02:46:59.815241,500.37,Electronics,Bangalore,0,1
e6b04b55-4e65-40d3-a864-bfae15838511,ACC00367,2026-06-20 16:26:20.815241,469.64,Healthcare,Chennai,1,0
a0eb4c0a-2a67-40e5-9ae7-14be8e65ce16,ACC01051,2026-06-20 04:48:27.815241,451.72,Fuel,Kolkata,0,1
1186da93-da7d-4c53-b020-cf0669b41194,ACC01860,2026-06-20 00:16:08.815241,449.3,Utilities,Mumbai,0,1
3d9cf82b-befa-4071-b497-82fc75db40bd,ACC01861,2026-06-20 12:16:56.815241,386.74,Entertainment,Kolkata,1,0
a7e91fee-c92d-4929-95e0-f913268e1070,ACC00424,2026-06-20 17:45:13.815241,361.11,Grocery,Bangalore,1,0
03208c1b-4270-410e-ac01-03a5d6ad4e6f,ACC00424,2026-06-20 10:01:07.815241,361.11,Dining,Mumbai,1,0
811414f8-d9df-4d0e-a25a-ed6cf0458043,ACC01332,2026-06-20 10:28:30.815241,358.29,Grocery,Chennai,1,0
c125798e-9bd6-4690-a8f9-4c8806a76b07,ACC01332,2026-06-20 00:29:59.815241,358.29,ATM Withdrawal,Mumbai,0,1
dddedeb2-9880-4856-8a54-650d95c7214e,ACC00134,2026-06-20 22:07:06.815241,347.23,Dining,Bangalore,1,0
acc0a059-9805-429a-9904-2da3b3d5c359,ACC01447,2026-06-20 07:12:34.815241,342.43,Travel,Delhi,1,0
42bb8f63-4145-4abc-8cc2-e0f013093c17,ACC00556,2026-06-20 01:23:49.815241,335.79,ATM Withdrawal,Mumbai,0,1
0ea728b3-302d-4bb3-aa50-ec2ab7cbabb3,ACC00009,2026-06-20 16:15:31.815241,323.87,Grocery,Delhi,1,0
402e4222-946b-435d-af69-789b3d9b6ef6,ACC00805,2026-06-20 17:19:22.815241,298.26,Healthcare,Chennai,1,0
cac4d0eb-3373-430e-bc31-a5971f119c0f,ACC00747,2026-06-20 02:05:25.815241,294.01,Utilities,Bangalore,0,1
2fbb6758-6aee-4d20-bde7-58c75a32dd3f,ACC00398,2026-06-20 07:04:42.815241,277.38,Utilities,Chennai,0,0
6d0b4f01-cf09-4990-bb5f-b4278fd1bc4e,ACC01787,2026-06-20 20:21:26.815241,271.22,Online Retail,Pune,1,0
9f243ccb-6a5f-4051-b07b-738b67f85205,ACC00328,2026-06-20 08:00:55.815241,265.83,Grocery,Bangalore,1,0
537e2657-5c94-4008-84cc-47737b3d9b73,ACC00257,2026-06-20 20:18:41.815241,253.29,Entertainment,Kolkata,1,0
67510001-44c1-4660-a0bb-d737c1b94642,ACC01593,2026-06-20 20:19:52.815241,245.14,Entertainment,Hyderabad,1,0
65421627-e923-48e9-a439-7b23d7ea0ea9,ACC01921,2026-06-20 04:08:16.815241,237.55,Travel,Mumbai,0,1
a2c29c39-9230-4a5c-8cfb-7695fa8c8f87,ACC01598,2026-06-20 22:27:58.815241,231.53,ATM Withdrawal,Bangalore,1,0
f0b5b7b3-3472-459e-8f4b-1252a04e03d7,ACC00222,2026-06-20 11:42:16.815241,230.27,Fuel,Mumbai,1,0
5f9a8e6c-cc39-4b30-b134-f6193d10571a,ACC01019,2026-06-20 13:25:50.815241,219.42,Electronics,Hyderabad,1,0
cc9cab9d-6319-4138-85e2-14af80754690,ACC01403,2026-06-20 18:29:27.815241,204.87,Utilities,Kolkata,0,0
903f3da2-3c8b-49d9-bd25-e7ef566212a3,ACC01680,2026-06-20 15:48:23.815241,187.41,Utilities,Delhi,0,0
b4eb09a9-7759-4d1e-9bca-3c2381210ec2,ACC00261,2026-06-20 19:32:29.815241,161.36,Utilities,Delhi,0,0
ade5786b-3790-4886-8f8e-83fe6f6a86e8,ACC00367,2026-06-20 17:52:41.815241,140.95,Utilities,Mumbai,0,0
57b75676-ffd3-4f32-910a-b4cbeab471de,ACC01150,2026-06-20 01:58:01.815241,126.94,Fuel,Hyderabad,0,1
6504a044-a4f7-4528-97d8-6a3c0a4b20aa,ACC01680,2026-06-20 03:30:17.815241,114.24,Travel,Delhi,0,1
c27eb09a-77f0-4674-988c-a047e6acb189,ACC00406,2026-06-20 09:06:05.815241,114.16,Utilities,Kolkata,0,0
06a241af-1d0a-47f7-b5e4-a4713fe68c9c,ACC01945,2026-06-20 16:02:50.815241,113.02,ATM Withdrawal,Mumbai,1,0
1c031b4f-3a09-43ec-8754-3cb9fbfbfc3a,ACC00328,2026-06-20 20:46:40.815241,112.65,Utilities,Kolkata,0,0
83f0c495-eb6b-4d5e-a6fa-79079469c7b1,ACC01687,2026-06-20 16:25:29.815241,107.91,Utilities,Kolkata,0,0
415137cd-973e-4598-b48a-2d140efeae46,ACC00764,2026-06-20 20:07:23.815241,90.66,Dining,Bangalore,1,0
3e2808bd-6665-4966-b1f5-64016832ca9d,ACC00600,2026-06-20 09:12:35.815241,79.41,Utilities,Kolkata,0,0
ec6dcd0f-4681-44da-b4c3-940928345b3b,ACC01317,2026-06-20 10:12:37.815241,78.28,Utilities,Delhi,0,0
1dee019a-e094-4471-b902-d3093c885cff,ACC00496,2026-06-20 07:11:45.815241,10.0,Utilities,Hyderabad,0,0
70c0a4f6-1065-4764-b40b-077950640ae6,ACC01067,2026-06-20 10:45:10.815241,10.0,Utilities,Delhi,0,0
e2e7855f-fcea-4251-9356-59374e307317,ACC01080,2026-06-20 20:33:18.815241,10.0,Utilities,Pune,0,0
19eef9d6-fdfa-4cb1-82d4-93eb2a7b65de,ACC00253,2026-06-20 18:23:20.815241,10.0,Utilities,Chennai,0,0
a8885b31-489a-49e8-97fb-77893407f9be,ACC01614,2026-06-20 15:22:24.815241,10.0,Utilities,Kolkata,0,0
